ahash,phash,dhash,label
7,12,24,NG
59,5,18,NG
27,19,15,NG
42,21,21,NG
55,4,20,NG
44,14,21,NG
35,28,25,NG
31,10,24,NG
35,8,27,NG
34,28,21,NG
20,25,26,NG
26,13,28,NG
30,11,25,NG
31,10,34,NG
45,9,21,NG
45,26,30,NG
31,26,29,NG
28,28,30,NG
29,23,23,NG
38,30,23,NG
25,29,34,NG
33,20,30,NG
34,23,23,NG
35,18,26,NG
39,19,31,NG
46,8,25,NG
43,6,28,NG
43,6,30,NG
16,7,24,NG
47,8,31,NG
47,5,25,NG
46,5,25,NG
45,7,32,NG
45,7,27,NG
15,1,9,NG
42,5,26,NG
48,7,27,NG
48,6,26,NG
47,8,25,NG
44,7,24,NG
48,7,28,NG
47,6,26,NG
40,6,23,NG
5,5,29,NG
5,3,26,NG
36,6,29,NG
52,9,29,NG
51,8,28,NG
6,8,28,NG
47,7,28,NG
49,8,26,NG
35,7,29,NG
13,7,20,NG
36,3,29,NG
44,6,30,NG
47,6,23,NG
50,7,26,NG
45,7,29,NG
49,8,24,NG
42,8,27,NG
9,8,26,NG
48,8,25,NG
49,6,24,NG
50,8,27,NG
45,8,30,NG
46,8,27,NG
53,8,29,NG
13,10,27,NG
11,6,24,NG
45,8,28,NG
50,7,25,NG
46,4,26,NG
42,8,26,NG
7,7,29,NG
40,5,30,NG
15,8,23,NG
41,8,31,NG
40,9,28,NG
40,7,26,NG
46,8,28,NG
43,9,26,NG
45,14,29,NG
12,13,22,NG
50,8,25,NG
2,4,15,NG
52,9,26,NG
50,6,29,NG
43,6,26,NG
41,8,23,NG
49,9,25,NG
27,11,20,NG
37,6,27,NG
33,14,34,NG
48,10,33,NG
47,11,28,NG
40,4,24,NG
43,8,26,NG
14,21,23,NG
20,14,24,NG
26,7,27,NG
28,17,21,NG
22,13,25,NG
30,18,25,NG
23,17,28,NG
9,14,35,NG
6,21,22,NG
32,12,29,NG
45,25,29,NG
34,35,25,NG
31,10,20,NG
24,27,18,NG
38,20,21,NG
24,28,22,NG
24,3,21,NG
34,16,25,NG
27,30,30,NG
27,10,34,NG
12,20,22,NG
13,19,12,NG
24,9,6,NG
19,20,6,NG
21,14,18,NG
21,10,7,NG
29,27,18,NG
21,15,8,NG
15,11,8,NG
26,16,10,NG
17,17,10,NG
31,25,17,NG
17,15,8,NG
28,23,15,NG
28,23,11,NG
29,29,15,NG
25,0,7,NG
21,14,7,NG
25,28,13,NG
18,13,8,NG
24,10,7,NG
31,31,19,NG
19,19,7,NG
17,12,12,NG
30,28,18,NG
25,0,15,NG
25,10,9,NG
16,12,9,NG
20,22,13,NG
15,18,11,NG
23,15,4,NG
21,20,9,NG
8,17,13,NG
11,19,12,NG
31,29,17,NG
26,17,9,NG
19,16,5,NG
11,23,14,NG
10,9,15,NG
19,21,7,NG
22,8,8,NG
8,16,8,NG
9,21,16,NG
22,23,5,NG
9,17,12,NG
29,14,12,NG
33,33,18,NG
20,15,5,NG
16,15,15,NG
20,16,10,NG
14,12,9,NG
11,19,12,NG
16,24,11,NG
13,25,9,NG
30,27,16,NG
17,13,9,NG
18,11,9,NG
10,9,6,NG
24,11,7,NG
12,20,10,NG
11,17,12,NG
25,16,7,NG
20,11,10,NG
13,10,11,NG
10,10,8,NG
21,18,11,NG
12,15,11,NG
21,7,17,NG
24,28,14,NG
24,18,4,NG
19,14,8,NG
10,31,10,NG
28,19,9,NG
25,0,7,NG
21,22,24,NG
18,24,17,NG
20,16,10,NG
23,14,5,NG
13,17,10,NG
27,19,10,NG
26,18,7,NG
17,15,24,NG
17,29,9,NG
26,26,13,NG
21,19,13,NG
19,28,13,NG
18,15,6,NG
20,17,5,NG
14,24,22,NG
54,13,25,NG
21,17,14,NG
24,16,16,NG
23,16,20,NG
39,32,31,NG
18,10,14,NG
23,14,15,NG
30,32,25,NG
21,20,25,NG
20,20,21,NG
21,15,18,NG
23,24,23,NG
20,25,18,NG
20,20,21,NG
20,20,25,NG
22,22,21,NG
21,26,19,NG
17,21,23,NG
20,24,22,NG
21,20,18,NG
29,27,28,NG
19,15,17,NG
15,19,21,NG
19,15,12,NG
24,16,9,NG
23,18,19,NG
17,12,14,NG
19,14,17,NG
23,16,15,NG
38,32,27,NG
24,26,17,NG
24,27,17,NG
23,12,14,NG
18,18,22,NG
25,31,24,NG
17,19,12,NG
27,19,26,NG
29,18,2,NG
22,13,4,NG
20,20,18,NG
10,20,7,NG
12,11,6,NG
25,17,10,NG
27,12,7,NG
23,19,10,NG
24,20,9,NG
28,30,12,NG
26,28,14,NG
24,12,12,NG
10,15,4,NG
24,21,20,NG
10,19,12,NG
24,12,12,NG
26,11,5,NG
15,21,15,NG
4,9,16,NG
8,3,11,NG
16,1,21,NG
35,25,32,NG
26,6,19,NG
36,17,34,NG
23,20,24,NG
34,4,38,NG
33,3,20,NG
20,1,27,NG
27,4,35,NG
26,1,24,NG
10,11,38,NG
58,2,17,NG
60,2,27,NG
39,16,41,NG
18,14,34,NG
20,1,35,NG
28,4,14,NG
29,7,21,NG
43,8,28,NG
13,14,23,NG
15,19,23,NG
15,30,21,NG
13,20,27,NG
25,19,28,NG
18,20,21,NG
16,26,14,NG
13,15,27,NG
22,23,22,NG
13,17,28,NG
26,16,13,NG
37,3,27,NG
15,22,33,NG
15,23,25,NG
10,22,17,NG
26,18,25,NG
35,25,22,NG
35,29,33,NG
28,24,13,NG
11,23,21,NG
13,24,29,NG
20,21,17,NG
20,24,18,NG
13,32,27,NG
32,27,31,NG
34,15,27,NG
45,22,35,NG
38,16,18,NG
34,26,24,NG
34,27,18,NG
31,8,18,NG
38,16,23,NG
16,1,29,NG
28,1,27,NG
28,17,15,NG
30,0,23,NG
40,2,25,NG
41,1,28,NG
30,22,14,NG
46,2,26,NG
20,8,9,NG
18,28,26,NG
20,6,27,NG
30,8,17,NG
18,21,36,NG
25,3,17,NG
32,27,16,NG
43,17,25,NG
5,14,36,NG
39,21,14,NG
24,24,23,NG
38,24,28,NG
3,7,23,NG
11,10,23,NG
11,10,25,NG
2,11,25,NG
2,12,26,NG
3,7,29,NG
4,7,28,NG
33,11,15,NG
41,2,20,NG
42,4,19,NG
48,4,12,NG
17,11,17,NG
25,18,12,NG
21,23,12,NG
32,33,34,NG
16,29,14,NG
22,30,17,NG
18,25,2,NG
45,5,28,NG
13,9,14,NG
34,25,19,NG
3,17,18,NG
12,7,20,NG
46,6,24,NG
35,16,11,NG
9,12,8,NG
13,14,25,NG
8,8,11,NG
43,11,26,NG
16,15,13,NG
31,2,22,NG
37,24,25,NG
25,20,20,NG
44,18,25,NG
43,13,33,NG
40,11,32,NG
32,5,20,NG
52,10,33,NG
2,12,5,NG
12,18,31,NG
2,11,23,NG
12,18,6,NG
1,3,12,NG
10,12,15,NG
13,8,4,NG
1,2,7,NG
12,18,9,NG
4,14,21,NG
2,10,8,NG
29,18,23,NG
41,7,28,NG
33,5,32,NG
41,21,31,NG
44,7,23,NG
36,4,23,NG
36,20,26,NG
45,11,22,NG
28,4,21,NG
39,21,25,NG
39,5,22,NG
30,4,21,NG
41,2,25,NG
36,7,25,NG
32,4,22,NG
36,2,25,NG
32,6,27,NG
27,4,14,NG
25,16,14,NG
33,4,16,NG
34,21,20,NG
34,17,22,NG
29,2,21,NG
30,14,14,NG
35,18,20,NG
31,18,20,NG
38,18,24,NG
32,6,27,NG
36,25,23,NG
31,22,16,NG
41,18,18,NG
39,16,27,NG
33,18,23,NG
36,16,23,NG
30,14,21,NG
35,14,21,NG
32,10,25,NG
32,13,23,NG
34,19,14,NG
31,20,23,NG
32,13,19,NG
34,5,20,NG
35,4,20,NG
40,18,23,NG
32,21,19,NG
38,26,19,NG
35,9,20,NG
33,18,27,NG
31,25,20,NG
28,19,20,NG
28,17,20,NG
37,2,22,NG
27,2,21,NG
30,17,22,NG
38,25,25,NG
29,19,22,NG
32,17,22,NG
31,16,22,NG
35,13,20,NG
35,14,22,NG
29,18,25,NG
33,15,18,NG
40,22,26,NG
35,4,23,NG
16,19,23,NG
34,16,17,NG
38,22,22,NG
37,15,26,NG
34,18,24,NG
34,9,30,NG
23,10,24,NG
20,19,24,NG
36,11,21,NG
37,4,24,NG
38,19,21,NG
32,4,16,NG
49,26,24,NG
44,10,29,NG
39,2,23,NG
26,3,22,NG
30,8,21,NG
35,4,17,NG
40,3,14,NG
32,5,5,NG
32,5,2,NG
32,5,3,NG
32,5,2,NG
24,4,5,NG
32,5,3,NG
24,5,12,NG
32,5,2,NG
31,5,8,NG
26,5,10,NG
32,5,5,NG
30,5,5,NG
31,5,15,NG
30,4,11,NG
32,5,5,NG
25,3,15,NG
27,5,5,NG
24,4,6,NG
16,2,10,NG
24,5,10,NG
23,18,12,NG
24,3,14,NG
17,2,4,NG
34,4,5,NG
16,3,2,NG
16,3,3,NG
26,25,18,NG
16,3,11,NG
32,58,24,NG
9,1,14,NG
22,3,12,NG
24,3,12,NG
20,14,10,NG
22,15,16,NG
16,3,4,NG
32,5,13,NG
32,6,7,NG
26,2,12,NG
36,1,0,NG
24,4,7,NG
24,5,21,NG
16,2,7,NG
17,5,6,NG
24,4,9,NG
33,4,10,NG
40,5,12,NG
39,4,15,NG
24,3,13,NG
16,2,17,NG
16,3,16,NG
32,4,15,NG
30,5,13,NG
32,5,15,NG
38,5,13,NG
48,7,8,NG
32,6,14,NG
40,7,9,NG
16,3,22,NG
16,5,17,NG
8,1,10,NG
16,2,16,NG
28,11,5,NG
24,3,22,NG
38,9,3,NG
32,4,3,NG
38,5,16,NG
40,4,8,NG
40,4,7,NG
40,4,15,NG
40,4,14,NG
40,4,9,NG
40,4,9,NG
40,4,13,NG
40,4,10,NG
40,4,13,NG
40,4,8,NG
40,4,9,NG
40,4,9,NG
40,4,11,NG
40,4,13,NG
40,4,9,NG
40,4,4,NG
40,4,8,NG
40,4,7,NG
40,5,5,NG
40,4,11,NG
40,4,9,NG
40,5,7,NG
40,5,8,NG
40,5,6,NG
40,5,7,NG
40,5,7,NG
40,3,15,NG
32,3,12,NG
32,3,12,NG
32,3,9,NG
32,2,8,NG
32,2,13,NG
32,2,8,NG
32,2,10,NG
32,2,15,NG
32,3,8,NG
32,3,11,NG
32,2,8,NG
40,3,11,NG
40,2,11,NG
40,3,11,NG
8,3,15,NG
32,4,13,NG
32,4,11,NG
32,3,11,NG
32,4,12,NG
32,4,10,NG
32,3,12,NG
32,4,14,NG
32,4,12,NG
32,4,14,NG
32,3,11,NG
32,3,10,NG
32,4,12,NG
32,4,10,NG
32,4,15,NG
32,4,13,NG
59,5,28,NG
59,5,25,NG
58,5,22,NG
32,2,16,NG
59,5,22,NG
56,5,24,NG
59,4,18,NG
55,4,22,NG
54,4,31,NG
57,3,20,NG
32,3,8,NG
58,5,23,NG
57,3,20,NG
58,3,25,NG
58,4,25,NG
57,3,25,NG
57,4,19,NG
55,4,23,NG
58,4,23,NG
32,3,13,NG
60,4,23,NG
59,4,25,NG
30,32,26,NG
59,4,17,NG
61,4,23,NG
57,4,22,NG
32,4,14,NG
60,4,21,NG
35,4,21,NG
31,4,21,NG
42,15,21,NG
33,19,28,NG
45,5,36,NG
19,20,20,NG
37,9,35,NG
28,17,20,NG
28,29,24,NG
38,27,33,NG
30,26,24,NG
37,18,21,NG
35,7,12,NG
33,18,28,NG
41,12,15,NG
34,25,27,NG
37,18,29,NG
42,15,13,NG
43,16,15,NG
6,14,5,NG
28,9,34,NG
33,18,19,NG
30,14,28,NG
27,24,26,NG
37,28,22,NG
44,17,30,NG
32,12,30,NG
43,21,16,NG
37,22,30,NG
35,20,31,NG
37,17,24,NG
27,30,28,NG
25,23,22,NG
47,17,20,NG
26,16,29,NG
27,15,25,NG
41,13,13,NG
25,27,24,NG
42,14,13,NG
7,10,10,NG
26,9,29,NG
36,18,27,NG
33,18,32,NG
42,21,27,NG
36,8,36,NG
27,20,33,NG
39,14,28,NG
28,25,24,NG
42,15,14,NG
35,12,16,NG
29,16,25,NG
27,16,24,NG
22,20,24,NG
44,14,22,NG
33,27,26,NG
24,15,29,NG
42,15,12,NG
11,15,32,NG
35,14,25,NG
36,20,26,NG
34,2,27,NG
34,11,20,NG
40,13,27,NG
10,25,10,NG
21,17,19,NG
24,33,34,NG
35,34,27,NG
29,28,25,NG
19,29,28,NG
44,2,20,NG
32,3,25,NG
36,3,32,NG
17,22,21,NG
58,14,8,NG
10,22,12,NG
25,35,32,NG
27,30,22,NG
17,30,26,NG
31,3,23,NG
28,3,24,NG
11,28,15,NG
25,19,21,NG
37,14,16,NG
28,32,24,NG
11,28,11,NG
36,14,23,NG
14,25,26,NG
31,33,25,NG
20,29,24,NG
26,3,26,NG
40,3,18,NG
27,3,29,NG
29,3,28,NG
19,23,28,NG
32,7,15,NG
34,11,25,NG
12,27,10,NG
32,17,23,NG
30,19,18,NG
43,19,18,NG
34,11,12,NG
41,21,25,NG
34,12,20,NG
26,29,23,NG
42,16,28,NG
20,29,14,NG
32,3,24,NG
34,14,23,NG
11,19,26,NG
40,3,18,NG
34,29,34,NG
36,17,16,NG
18,17,35,NG
23,24,24,NG
20,18,24,NG
17,15,32,NG
28,15,18,NG
35,15,26,NG
32,24,28,NG
38,15,17,NG
42,13,31,NG
52,12,19,NG
42,12,23,NG
39,13,12,NG
30,16,22,NG
34,20,35,NG
39,16,17,NG
30,16,18,NG
28,26,21,NG
41,18,27,NG
31,33,17,NG
29,19,20,NG
23,26,31,NG
42,13,14,NG
9,28,26,NG
41,18,26,NG
29,19,25,NG
39,14,11,NG
6,21,9,NG
53,11,23,NG
6,12,11,NG
5,8,19,NG
7,15,21,NG
2,11,6,NG
16,4,27,NG
16,3,22,NG
32,4,18,NG
16,3,25,NG
32,5,25,NG
24,2,30,NG
16,4,20,NG
24,3,24,NG
16,3,21,NG
35,5,24,NG
32,4,27,NG
16,4,24,NG
30,3,25,NG
24,2,31,NG
32,3,29,NG
32,4,25,NG
32,4,16,NG
32,4,17,NG
36,5,21,NG
16,4,21,NG
32,5,16,NG
24,2,25,NG
24,4,38,NG
24,3,32,NG
32,3,16,NG
32,4,23,NG
27,6,24,NG
32,4,25,NG
32,4,38,NG
24,3,37,NG
40,5,48,NG
24,2,29,NG
24,2,31,NG
32,3,26,NG
24,4,16,NG
32,3,30,NG
24,3,27,NG
24,4,23,NG
40,4,17,NG
28,3,30,NG
32,3,17,NG
16,3,21,NG
40,4,19,NG
32,4,24,NG
32,3,30,NG
16,4,25,NG
32,5,21,NG
31,4,32,NG
32,4,26,NG
32,3,13,NG
16,4,23,NG
32,5,16,NG
32,3,20,NG
24,3,19,NG
16,3,22,NG
32,3,19,NG
29,4,31,NG
32,4,23,NG
40,4,38,NG
24,2,32,NG
26,11,8,NG
34,3,25,NG
17,11,19,NG
24,3,8,NG
33,61,24,NG
24,59,25,NG
32,2,31,NG
40,12,29,NG
16,2,7,NG
24,0,24,NG
12,8,4,NG
32,2,8,NG
32,1,16,NG
13,10,14,NG
20,8,17,NG
10,14,24,NG
16,8,9,NG
8,11,6,NG
8,7,8,NG
32,1,24,NG
40,2,24,NG
7,6,10,NG
4,4,14,NG
36,5,14,NG
32,8,9,NG
11,7,13,NG
16,17,23,NG
4,6,10,NG
12,4,8,NG
8,13,9,NG
37,32,23,NG
23,5,23,NG
8,4,25,NG
10,4,20,NG
9,4,24,NG
24,5,16,NG
28,4,18,NG
39,5,13,NG
40,5,18,NG
40,6,16,NG
24,5,15,NG
24,5,16,NG
30,4,18,NG
24,5,13,NG
35,6,17,NG
32,4,28,NG
16,14,16,NG
7,16,5,NG
8,2,17,NG
16,2,19,NG
5,2,19,NG
7,2,18,NG
9,2,20,NG
8,2,11,NG
6,2,18,NG
8,13,13,NG
13,2,15,NG
0,1,8,NG
8,2,4,NG
9,17,1,NG
51,33,41,NG
57,6,40,NG
49,31,35,NG
56,5,45,NG
44,30,41,NG
50,5,45,NG
47,5,46,NG
51,33,39,NG
47,34,40,NG
50,5,43,NG
54,30,40,NG
55,32,41,NG
47,33,42,NG
56,4,46,NG
47,6,49,NG
56,31,43,NG
52,32,45,NG
45,32,38,NG
57,5,47,NG
57,5,43,NG
52,32,41,NG
58,5,46,NG
46,31,42,NG
55,32,43,NG
50,5,44,NG
57,5,45,NG
56,5,47,NG
49,34,38,NG
49,5,46,NG
48,33,41,NG
48,31,34,NG
57,4,38,NG
55,4,44,NG
54,4,41,NG
49,29,38,NG
6,17,20,NG
18,16,14,NG
8,29,32,NG
24,3,21,NG
24,3,19,NG
24,3,18,NG
2,4,9,NG
55,3,18,NG
55,3,33,NG
10,9,4,NG
34,10,16,NG
36,26,14,NG
13,17,20,NG
13,12,25,NG
45,13,25,NG
12,13,22,NG
8,10,6,NG
42,20,28,NG
52,10,25,NG
12,11,25,NG
51,9,25,NG
13,10,29,NG
11,10,26,NG
20,32,22,NG
40,22,34,NG
32,4,25,NG
38,31,28,NG
30,19,25,NG
40,19,34,NG
52,30,19,NG
45,10,13,NG
40,21,19,NG
28,18,24,NG
40,15,14,NG
32,14,21,NG
33,32,36,NG
33,16,25,NG
40,23,31,NG
44,15,17,NG
41,28,20,NG
32,4,24,NG
32,27,27,NG
34,15,14,NG
42,27,26,NG
31,18,16,NG
21,27,34,NG
25,34,16,NG
2,4,19,NG
1,26,14,NG
54,11,25,NG
15,22,29,NG
52,17,24,NG
52,20,23,NG
48,11,27,NG
50,11,27,NG
16,21,21,NG
53,15,24,NG
51,16,25,NG
13,16,24,NG
53,15,22,NG
54,15,24,NG
51,8,23,NG
48,2,29,NG
48,3,25,NG
48,3,27,NG
48,3,26,NG
48,3,26,NG
52,14,22,NG
54,11,24,NG
48,3,25,NG
48,4,23,NG
48,2,25,NG
51,17,26,NG
48,4,23,NG
53,14,36,NG
20,33,28,NG
44,26,20,NG
40,27,19,NG
47,22,18,NG
10,16,9,NG
41,26,23,NG
32,9,37,NG
24,10,28,NG
3,15,12,NG
15,22,14,NG
24,27,21,NG
30,3,23,NG
40,2,22,NG
45,4,21,NG
36,30,29,NG
26,60,15,NG
25,50,26,NG
19,15,32,NG
27,7,21,NG
23,15,24,NG
31,13,33,NG
28,52,22,NG
11,21,21,NG
8,14,18,NG
10,12,24,NG
34,23,23,NG
34,10,22,NG
32,3,13,NG
44,10,20,NG
32,29,26,NG
15,7,14,NG
12,15,14,NG
13,8,27,NG
25,34,26,NG
7,12,11,NG
9,26,8,NG
44,14,26,NG
54,7,24,NG
27,7,29,NG
45,10,29,NG
28,13,23,NG
13,10,12,NG
4,3,0,NG
1,2,21,NG
16,15,9,NG
27,20,21,NG
7,9,18,NG
16,25,11,NG
13,28,21,NG
18,12,25,NG
3,1,9,NG
3,10,8,NG
2,14,13,NG
14,15,24,NG
2,10,2,NG
2,22,2,NG
0,14,26,NG
2,14,7,NG
9,14,19,NG
2,15,9,NG
16,21,21,NG
2,14,5,NG
3,2,3,NG
10,17,23,NG
7,14,14,NG
6,10,21,NG
16,19,17,NG
10,10,10,NG
0,8,2,NG
7,11,20,NG
32,4,17,NG
32,4,16,NG
33,4,27,NG
40,28,32,NG
35,20,14,NG
48,11,27,NG
5,11,21,NG
47,7,29,NG
49,9,35,NG
44,10,26,NG
54,9,9,NG
54,10,29,NG
49,5,30,NG
33,16,30,NG
32,6,32,NG
32,5,34,NG
32,5,39,NG
36,21,8,NG
37,13,8,NG
48,5,20,NG
7,12,2,NG
46,7,22,NG
13,11,8,NG
3,19,3,NG
32,3,21,NG
32,3,24,NG
4,15,18,NG
4,19,24,NG
4,11,30,NG
9,22,16,NG
4,18,5,NG
8,13,7,NG
3,11,16,NG
16,12,23,NG
9,21,25,NG
23,21,13,NG
23,26,16,NG
26,22,10,NG
22,21,24,NG
19,22,16,NG
16,14,12,NG
20,10,15,NG
24,24,23,NG
25,27,22,NG
18,21,18,NG
21,14,11,NG
17,17,18,NG
17,14,12,NG
25,12,37,NG
3,16,31,NG
55,6,24,NG
54,7,25,NG
36,4,23,NG
34,26,26,NG
32,22,30,NG
31,5,26,NG
36,5,25,NG
31,4,28,NG
24,4,27,NG
38,2,20,NG
40,26,24,NG
30,4,26,NG
32,4,21,NG
38,4,33,NG
27,20,24,NG
28,13,22,NG
33,5,30,NG
30,3,18,NG
35,3,23,NG
31,4,31,NG
30,4,28,NG
30,1,26,NG
24,25,25,NG
32,3,27,NG
34,3,28,NG
27,4,31,NG
27,3,24,NG
21,2,25,NG
29,2,23,NG
34,29,32,NG
32,4,24,NG
27,5,25,NG
31,4,27,NG
32,4,30,NG
31,4,29,NG
40,3,32,NG
31,4,25,NG
31,2,34,NG
31,3,29,NG
28,3,38,NG
26,2,21,NG
20,6,34,NG
16,5,42,NG
40,11,19,NG
15,20,31,NG
50,4,28,NG
56,3,27,NG
36,4,29,NG
24,5,28,NG
56,4,19,NG
32,4,20,NG
6,16,22,NG
24,7,23,NG
56,3,0,NG
11,27,37,NG
10,18,14,NG
1,20,4,NG
14,18,1,NG
1,17,13,NG
26,3,26,NG
57,5,25,NG
28,34,16,NG
41,29,23,NG
4,21,23,NG
42,14,22,NG
18,18,17,NG
5,11,4,NG
25,11,31,NG
32,15,14,NG
32,15,23,NG
41,14,21,NG
36,19,15,NG
28,3,25,NG
38,3,24,NG
33,3,28,NG
40,3,22,NG
35,3,7,NG
33,4,3,NG
30,3,5,NG
35,16,13,NG
36,14,19,NG
32,15,10,NG
37,14,8,NG
30,3,15,NG
40,22,25,NG
10,12,13,NG
29,13,4,NG
32,8,0,NG
35,14,1,NG
28,4,8,NG
31,16,23,NG
27,15,24,NG
30,2,0,NG
27,0,5,NG
32,19,13,NG
31,18,27,NG
37,16,15,NG
24,3,1,NG
30,3,0,NG
36,20,12,NG
35,17,7,NG
33,21,3,NG
37,4,28,NG
31,3,15,NG
30,22,22,NG
32,16,25,NG
31,18,28,NG
32,16,27,NG
42,27,27,NG
38,3,22,NG
37,21,29,NG
32,4,28,NG
34,3,31,NG
36,21,22,NG
23,21,22,NG
30,17,24,NG
26,5,24,NG
36,31,26,NG
27,17,20,NG
25,15,27,NG
32,21,30,NG
32,5,22,NG
33,17,26,NG
47,14,9,NG
36,15,20,NG
33,30,26,NG
28,27,25,NG
37,30,14,NG
34,7,12,NG
27,18,24,NG
28,12,29,NG
42,30,28,NG
26,31,29,NG
32,4,14,NG
32,7,24,NG
32,4,17,NG
35,19,26,NG
36,20,15,NG
24,33,31,NG
42,13,25,NG
39,15,13,NG
35,15,30,NG
36,9,14,NG
33,4,19,NG
32,4,19,NG
32,4,16,NG
33,7,13,NG
38,27,20,NG
32,4,32,NG
32,3,16,NG
32,13,13,NG
28,2,22,NG
32,12,25,NG
34,7,25,NG
39,21,27,NG
32,4,14,NG
35,11,12,NG
32,4,20,NG
30,12,14,NG
34,27,26,NG
30,11,16,NG
28,31,22,NG
32,3,15,NG
32,3,9,NG
33,3,22,NG
34,15,23,NG
31,31,31,NG
32,4,16,NG
37,28,24,NG
34,3,23,NG
32,3,18,NG
32,3,15,NG
32,3,16,NG
32,4,7,NG
38,7,29,NG
32,3,18,NG
33,31,13,NG
49,28,17,NG
32,4,22,NG
24,11,34,NG
33,7,15,NG
24,4,14,NG
24,5,16,NG
50,5,21,NG
24,5,13,NG
32,5,16,NG
16,3,14,NG
36,4,18,NG
17,9,25,NG
49,5,21,NG
22,11,18,NG
26,10,25,NG
37,13,17,NG
34,10,28,NG
52,32,20,NG
33,31,16,NG
30,29,28,NG
39,28,24,NG
37,23,31,NG
31,27,21,NG
36,27,18,NG
39,18,32,NG
38,29,28,NG
25,18,27,NG
34,6,13,NG
32,4,8,NG
32,3,12,NG
32,5,12,NG
32,4,12,NG
32,3,13,NG
32,3,14,NG
32,4,14,NG
32,4,21,NG
32,3,16,NG
32,4,11,NG
33,11,18,NG
32,3,17,NG
32,4,13,NG
28,9,12,NG
32,4,13,NG
20,9,9,NG
34,12,29,NG
6,7,11,NG
12,15,19,NG
24,4,48,NG
10,10,13,NG
6,8,11,NG
22,31,22,NG
11,34,22,NG
31,16,24,NG
16,3,21,NG
16,6,22,NG
24,3,13,NG
24,3,11,NG
10,18,28,NG
14,21,28,NG
39,22,18,NG
45,15,28,NG
33,19,15,NG
41,3,12,NG
43,18,22,NG
43,10,16,NG
44,16,26,NG
41,22,22,NG
46,24,18,NG
46,19,16,NG
55,17,31,NG
41,29,21,NG
40,21,22,NG
27,15,17,NG
43,29,23,NG
29,19,20,NG
37,23,19,NG
57,4,16,NG
59,2,17,NG
58,5,14,NG
63,4,17,NG
59,5,23,NG
59,4,16,NG
61,3,25,NG
30,16,19,NG
27,18,22,NG
44,19,28,NG
41,23,19,NG
31,14,24,NG
34,29,23,NG
30,10,25,NG
31,26,23,NG
63,4,21,NG
53,13,21,NG
23,2,24,NG
58,18,36,NG
34,21,16,NG
19,2,23,NG
45,21,28,NG
39,24,20,NG
38,22,28,NG
34,18,24,NG
28,24,24,NG
44,14,21,NG
46,15,25,NG
38,9,44,NG
20,18,28,NG
39,16,23,NG
34,23,16,NG
33,22,17,NG
41,23,27,NG
19,22,27,NG
27,21,33,NG
40,23,26,NG
22,22,20,NG
29,17,18,NG
36,22,24,NG
39,22,19,NG
27,23,30,NG
60,19,26,NG
27,13,30,NG
44,23,16,NG
38,29,33,NG
40,28,24,NG
37,24,19,NG
47,24,19,NG
41,28,33,NG
50,20,21,NG
52,14,23,NG
60,13,25,NG
59,14,20,NG
57,12,21,NG
59,13,21,NG
58,9,19,NG
60,3,28,NG
59,7,23,NG
57,12,23,NG
59,11,23,NG
59,12,21,NG
54,11,27,NG
60,12,16,NG
50,13,16,NG
60,15,20,NG
57,24,24,NG
59,4,23,NG
59,3,14,NG
59,4,22,NG
41,24,26,NG
37,19,31,NG
33,20,33,NG
53,13,16,NG
58,13,22,NG
60,7,10,NG
61,12,19,NG
58,9,18,NG
48,11,20,NG
33,22,10,NG
59,13,20,NG
57,15,19,NG
41,19,26,NG
58,16,24,NG
56,19,23,NG
55,28,19,NG
36,21,23,NG
31,20,15,NG
28,22,24,NG
61,20,19,NG
30,15,12,NG
28,17,19,NG
32,32,11,NG
46,25,39,NG
34,12,19,NG
39,27,25,NG
36,32,24,NG
32,24,15,NG
53,11,20,NG
54,14,24,NG
57,17,22,NG
39,7,21,NG
10,13,18,NG
13,14,21,NG
52,11,25,NG
52,9,26,NG
51,10,20,NG
4,20,40,NG
54,9,27,NG
51,10,26,NG
52,9,25,NG
52,10,26,NG
52,10,27,NG
54,8,28,NG
52,8,26,NG
51,9,20,NG
52,10,24,NG
51,10,26,NG
21,14,23,NG
34,19,28,NG
27,4,27,NG
27,16,20,NG
42,4,20,NG
44,4,26,NG
39,18,22,NG
36,21,32,NG
34,24,17,NG
54,15,22,NG
39,4,28,NG
32,11,20,NG
39,23,23,NG
44,19,26,NG
33,14,35,NG
29,14,33,NG
47,19,26,NG
48,18,22,NG
33,25,27,NG
57,12,20,NG
12,16,21,NG
41,24,18,NG
34,20,20,NG
37,24,29,NG
34,21,31,NG
17,20,14,NG
20,4,17,NG
42,23,11,NG
31,20,25,NG
27,18,30,NG
37,29,16,NG
20,17,13,NG
33,28,28,NG
12,23,36,NG
41,25,25,NG
44,24,23,NG
40,23,21,NG
35,20,20,NG
42,24,22,NG
34,23,28,NG
35,24,28,NG
29,28,28,NG
37,23,18,NG
42,24,32,NG
36,25,26,NG
41,24,27,NG
34,29,29,NG
39,22,23,NG
44,21,29,NG
24,17,26,NG
31,17,28,NG
32,20,25,NG
33,21,16,NG
46,21,27,NG
44,24,19,NG
46,26,25,NG
38,20,30,NG
23,2,20,NG
41,25,13,NG
61,4,12,NG
28,15,7,NG
15,28,20,NG
61,3,39,NG
43,24,23,NG
44,21,19,NG
57,4,38,NG
45,16,19,NG
45,11,17,NG
45,4,19,NG
46,4,23,NG
39,27,20,NG
29,27,19,NG
60,3,33,NG
39,5,18,NG
40,5,21,NG
33,26,16,NG
35,4,23,NG
39,4,12,NG
40,24,27,NG
57,4,35,NG
38,3,22,NG
38,3,21,NG
40,33,18,NG
41,4,20,NG
36,4,22,NG
44,16,20,NG
28,9,29,NG
50,16,28,NG
50,15,24,NG
50,12,25,NG
13,20,14,NG
3,15,29,NG
10,16,36,NG
7,9,20,NG
26,31,14,NG
54,5,27,NG
54,4,24,NG
53,4,22,NG
21,12,22,NG
41,30,25,NG
10,47,11,NG
4,7,11,NG
0,10,15,NG
0,8,12,NG
2,21,16,NG
19,6,14,NG
8,17,28,NG
10,17,28,NG
6,5,19,NG
6,18,25,NG
6,16,20,NG
13,20,17,NG
14,18,20,NG
16,8,13,NG
19,43,19,NG
20,48,32,NG
7,3,16,NG
4,7,10,NG
7,17,43,NG
14,21,19,NG
12,5,9,NG
13,12,15,NG
16,49,28,NG
3,13,24,NG
24,50,22,NG
22,50,42,NG
6,17,23,NG
4,14,34,NG
7,17,25,NG
4,9,18,NG
7,20,29,NG
10,23,16,NG
8,17,11,NG
27,48,10,NG
12,9,9,NG
18,23,22,NG
10,11,29,NG
5,9,14,NG
7,22,20,NG
15,11,26,NG
4,11,29,NG
29,52,28,NG
12,22,30,NG
8,27,18,NG
18,21,20,NG
12,11,40,NG
11,14,41,NG
8,9,8,NG
23,10,34,NG
6,18,38,NG
17,17,9,NG
14,19,18,NG
11,37,38,NG
8,47,24,NG
2,6,20,NG
16,4,12,NG
3,17,20,NG
17,11,17,NG
8,4,9,NG
6,11,18,NG
8,10,20,NG
6,11,22,NG
8,9,25,NG
8,12,23,NG
17,18,16,NG
8,12,18,NG
18,27,28,NG
11,16,13,NG
13,16,14,NG
10,10,7,NG
8,4,11,NG
6,9,20,NG
5,14,12,NG
13,10,15,NG
4,19,27,NG
5,10,4,NG
8,11,21,NG
8,18,17,NG
8,10,21,NG
0,6,6,NG
8,13,22,NG
8,24,4,NG
11,34,39,NG
32,11,30,NG
11,36,6,NG
9,31,9,NG
9,16,9,NG
16,26,16,NG
5,13,2,NG
8,12,20,NG
8,9,19,NG
12,5,18,NG
2,14,10,NG
5,11,10,NG
11,16,20,NG
17,20,8,NG
7,19,12,NG
22,13,21,NG
19,15,17,NG
28,22,16,NG
21,28,18,NG
9,33,7,NG
19,15,17,NG
5,10,5,NG
0,6,1,NG
11,9,16,NG
17,15,14,NG
17,11,31,NG
34,13,23,NG
23,31,37,NG
0,16,13,NG
1,11,16,NG
2,15,10,NG
13,20,18,NG
7,18,16,NG
17,18,20,NG
13,17,16,NG
7,19,25,NG
6,12,24,NG
11,22,15,NG
16,17,17,NG
6,21,14,NG
0,6,0,NG
0,8,0,NG
4,16,23,NG
9,26,11,NG
8,9,18,NG
33,26,24,NG
18,6,13,NG
12,30,13,NG
10,11,9,NG
13,10,11,NG
19,12,12,NG
8,10,23,NG
8,26,22,NG
12,21,34,NG
19,22,14,NG
8,24,8,NG
7,17,15,NG
8,4,13,NG
8,4,27,NG
11,14,9,NG
8,36,5,NG
14,13,36,NG
13,27,22,NG
12,12,14,NG
7,21,39,NG
12,44,10,NG
12,19,10,NG
9,44,14,NG
7,33,8,NG
14,34,14,NG
12,23,39,NG
8,39,39,NG
8,10,5,NG
16,12,38,NG
19,14,33,NG
7,15,4,NG
15,20,18,NG
18,19,15,NG
3,21,10,NG
13,11,9,NG
32,7,33,NG
16,11,34,NG
15,28,16,NG
11,38,18,NG
14,43,18,NG
9,14,41,NG
4,46,39,NG
5,10,18,NG
18,16,23,NG
12,20,24,NG
9,21,4,NG
0,5,20,NG
16,12,3,NG
12,10,22,NG
10,10,3,NG
8,9,21,NG
0,6,25,NG
4,10,22,NG
0,11,12,NG
13,17,22,NG
8,54,21,NG
12,23,17,NG
10,19,17,NG
8,48,27,NG
1,11,8,NG
27,26,24,NG
8,50,29,NG
12,15,26,NG
0,2,4,NG
0,8,4,NG
4,7,20,NG
15,6,29,NG
10,13,16,NG
2,12,13,NG
8,7,5,NG
4,11,12,NG
7,13,1,NG
53,11,5,NG
22,21,19,NG
36,19,19,NG
54,15,9,NG
56,10,9,NG
55,11,9,NG
54,9,10,NG
54,11,9,NG
54,11,10,NG
54,10,11,NG
54,11,10,NG
53,13,12,NG
53,13,11,NG
53,14,12,NG
55,11,11,NG
54,12,10,NG
54,8,10,NG
56,13,7,NG
25,27,11,NG
27,14,12,NG
51,10,28,NG
27,13,8,NG
27,30,13,NG
5,20,11,NG
28,13,18,NG
51,6,26,NG
54,4,24,NG
53,7,25,NG
53,8,28,NG
54,6,26,NG
51,6,25,NG
56,4,27,NG
3,4,19,NG
30,1,34,NG
3,3,18,NG
0,7,10,NG
4,9,24,NG
31,0,20,NG
28,0,22,NG
32,0,19,NG
29,0,25,NG
32,0,23,NG
32,0,22,NG
27,0,21,NG
33,0,25,NG
30,0,22,NG
30,0,18,NG
51,13,28,NG
51,13,25,NG
51,14,28,NG
52,13,26,NG
50,16,27,NG
51,11,25,NG
50,12,27,NG
28,18,18,NG
28,11,18,NG
27,17,21,NG
32,18,11,NG
28,12,15,NG
54,8,26,NG
24,33,15,NG
50,11,23,NG
47,9,25,NG
50,6,30,NG
54,7,24,NG
53,7,27,NG
28,13,19,NG
56,13,5,NG
55,8,9,NG
54,8,10,NG
51,12,11,NG
53,9,10,NG
53,10,9,NG
27,16,12,NG
20,17,24,NG
25,25,9,NG
29,13,17,NG
33,24,13,NG
29,20,34,NG
29,10,22,NG
32,16,23,NG
29,11,16,NG
25,16,16,NG
28,16,11,NG
4,5,13,NG
42,14,13,NG
13,22,15,NG
50,7,29,NG
5,29,23,NG
11,13,14,NG
7,12,16,NG
8,14,17,NG
8,14,19,NG
7,13,26,NG
9,10,28,NG
8,13,15,NG
9,14,28,NG
8,10,18,NG
8,15,21,NG
26,20,31,NG
6,20,13,NG
28,20,27,NG
26,24,16,NG
28,14,34,NG
27,15,16,NG
7,16,42,NG
8,11,14,NG
36,5,29,NG
29,4,22,NG
33,3,26,NG
33,3,28,NG
37,2,23,NG
29,3,27,NG
24,3,22,NG
34,13,26,NG
31,3,24,NG
30,2,21,NG
37,2,24,NG
24,3,27,NG
32,2,25,NG
28,4,26,NG
28,29,30,NG
30,30,26,NG
32,31,23,NG
30,11,28,NG
29,31,19,NG
43,30,25,NG
23,9,27,NG
36,2,29,NG
55,8,26,NG
10,21,25,NG
8,6,21,NG
2,2,7,NG
18,13,19,NG
43,10,13,NG
15,13,29,NG
13,13,27,NG
36,7,21,NG
27,24,18,NG
37,16,24,NG
35,18,31,NG
35,18,22,NG
14,13,11,NG
19,19,16,NG
3,53,11,NG
1,7,34,NG
4,4,32,NG
10,28,28,NG
19,16,13,NG
13,9,29,NG
15,17,10,NG
49,7,15,NG
37,22,30,NG
17,19,32,NG
48,10,19,NG
14,24,23,NG
15,14,34,NG
17,19,37,NG
25,19,16,NG
15,17,15,NG
12,26,36,NG
10,23,14,NG
10,30,34,NG
29,28,24,NG
16,23,10,NG
6,24,26,NG
15,17,20,NG
10,19,11,NG
27,31,28,NG
24,29,23,NG
16,19,13,NG
9,18,13,NG
15,16,10,NG
16,26,36,NG
13,22,17,NG
15,24,36,NG
16,21,35,NG
16,16,25,NG
16,19,10,NG
36,24,27,NG
14,19,11,NG
13,9,15,NG
14,23,22,NG
15,11,28,NG
17,31,34,NG
49,8,25,NG
44,19,11,NG
14,14,24,NG
49,8,12,NG
48,12,17,NG
16,21,39,NG
36,21,14,NG
15,26,35,NG
13,18,10,NG
16,19,10,NG
13,12,10,NG
15,13,11,NG
15,14,12,NG
36,19,22,NG
10,19,15,NG
46,13,16,NG
13,10,9,NG
17,21,13,NG
16,17,15,NG
48,9,21,NG
19,20,31,NG
18,22,23,NG
13,10,17,NG
37,16,15,NG
17,28,36,NG
15,14,6,NG
12,16,7,NG
16,22,11,NG
52,7,25,NG
6,12,3,NG
7,19,21,NG
26,15,18,NG
13,14,3,NG
13,7,12,NG
19,19,10,NG
21,17,9,NG
16,11,6,NG
24,8,9,NG
9,15,18,NG
13,14,3,NG
25,15,24,NG
16,18,33,NG
34,6,26,NG
29,9,28,NG
38,14,36,NG
28,13,19,NG
22,13,23,NG
14,20,21,NG
37,17,25,NG
37,33,18,NG
17,23,22,NG
11,12,24,NG
15,13,19,NG
10,17,16,NG
26,22,25,NG
18,12,27,NG
41,17,42,NG
24,28,33,NG
28,20,14,NG
21,20,25,NG
27,19,22,NG
32,25,22,NG
30,35,23,NG
42,22,38,NG
35,30,40,NG
31,25,23,NG
21,14,19,NG
30,2,20,NG
32,27,23,NG
30,4,23,NG
12,20,22,NG
28,20,23,NG
40,30,32,NG
42,32,28,NG
25,29,32,NG
16,9,13,NG
31,58,21,NG
37,30,26,NG
27,27,19,NG
28,58,26,NG
39,29,23,NG
30,59,32,NG
23,59,25,NG
30,59,28,NG
27,5,33,NG
32,59,26,NG
42,30,21,NG
32,31,24,NG
33,35,26,NG
32,33,22,NG
35,8,34,NG
32,6,24,NG
33,23,23,NG
29,58,18,NG
8,15,29,NG
32,31,34,NG
37,24,36,NG
30,2,24,NG
27,33,30,NG
41,59,24,NG
19,32,19,NG
30,24,20,NG
27,59,25,NG
21,2,21,NG
32,58,27,NG
47,33,35,NG
16,21,27,NG
30,59,24,NG
33,57,23,NG
33,25,21,NG
28,13,17,NG
36,57,36,NG
28,19,26,NG
27,25,31,NG
29,24,23,NG
27,58,32,NG
23,17,23,NG
31,17,21,NG
27,21,21,NG
32,16,25,NG
35,14,29,NG
28,15,19,NG
44,5,29,NG
45,14,27,NG
42,24,32,NG
48,26,29,NG
56,5,24,NG
30,19,37,NG
43,18,28,NG
55,13,21,NG
55,13,28,NG
21,13,19,NG
16,18,24,NG
36,19,12,NG
30,17,28,NG
62,3,11,NG
14,11,7,NG
15,18,14,NG
12,25,28,NG
10,15,18,NG
44,13,13,NG
19,22,32,NG
18,22,16,NG
18,20,23,NG
15,26,31,NG
19,29,21,NG
25,23,21,NG
21,25,17,NG
24,24,27,NG
20,19,6,NG
18,32,21,NG
4,35,32,NG
10,27,5,NG
23,18,11,NG
16,28,13,NG
5,30,18,NG
14,21,19,NG
18,40,21,NG
43,48,42,NG
20,17,16,NG
22,26,15,NG
21,29,28,NG
19,23,23,NG
14,10,22,NG
15,16,15,NG
21,23,11,NG
23,19,14,NG
28,20,22,NG
18,18,17,NG
22,27,26,NG
8,14,18,NG
12,27,26,NG
21,22,13,NG
14,21,18,NG
7,13,8,NG
11,16,22,NG
16,5,11,NG
8,38,10,NG
32,26,21,NG
16,29,20,NG
17,27,22,NG
30,16,26,NG
5,4,31,NG
24,17,14,NG
16,24,28,NG
17,23,32,NG
25,19,17,NG
12,10,20,NG
14,10,25,NG
19,24,32,NG
18,24,29,NG
5,24,24,NG
15,27,24,NG
20,26,4,NG
23,29,42,NG
21,31,25,NG
13,9,14,NG
19,32,20,NG
13,10,6,NG
13,12,20,NG
21,26,19,NG
13,12,8,NG
12,27,29,NG
5,32,39,NG
22,26,19,NG
17,26,19,NG
13,17,27,NG
18,33,34,NG
15,23,14,NG
18,28,32,NG
17,16,29,NG
15,10,28,NG
12,33,24,NG
19,20,19,NG
17,13,18,NG
15,24,36,NG
20,28,18,NG
39,4,23,NG
48,8,22,NG
28,44,41,NG
22,23,31,NG
20,19,28,NG
17,22,16,NG
29,40,39,NG
20,29,11,NG
13,22,13,NG
16,22,13,NG
15,20,8,NG
14,21,17,NG
21,28,17,NG
14,23,13,NG
20,32,26,NG
15,36,29,NG
22,34,28,NG
16,18,7,NG
13,26,33,NG
4,29,25,NG
24,18,26,NG
25,39,46,NG
20,29,12,NG
23,27,23,NG
13,26,35,NG
11,22,6,NG
16,25,15,NG
14,19,12,NG
13,27,17,NG
22,23,31,NG
14,32,25,NG
18,31,24,NG
18,27,18,NG
16,16,20,NG
33,31,26,NG
55,11,25,NG
46,10,5,NG
31,18,10,NG
18,16,8,NG
14,9,13,NG
46,14,14,NG
8,13,22,NG
16,17,22,NG
16,10,14,NG
52,6,30,NG
22,23,3,NG
15,10,7,NG
48,8,7,NG
20,21,9,NG
47,10,10,NG
46,12,15,NG
48,7,24,NG
43,21,37,NG
29,12,6,NG
14,12,8,NG
34,18,8,NG
30,17,4,NG
32,19,7,NG
24,18,14,NG
9,11,20,NG
47,10,19,NG
25,13,18,NG
26,14,13,NG
49,8,4,NG
23,17,27,NG
16,24,6,NG
32,4,7,NG
24,3,6,NG
16,4,18,NG
24,4,7,NG
16,2,8,NG
32,4,9,NG
34,2,1,NG
24,4,7,NG
24,5,1,NG
32,4,7,NG
24,5,3,NG
14,10,6,NG
14,10,21,NG
23,24,15,NG
15,8,9,NG
7,15,13,NG
16,17,21,NG
15,21,34,NG
21,15,23,NG
14,30,27,NG
16,3,20,NG
12,24,11,NG
12,20,12,NG
40,2,21,NG
24,22,20,NG
32,3,27,NG
24,4,25,NG
30,24,27,NG
40,4,25,NG
32,4,22,NG
40,4,24,NG
40,4,22,NG
33,4,27,NG
32,4,17,NG
40,3,28,NG
40,2,10,NG
35,23,31,NG
32,3,17,NG
32,3,16,NG
32,4,27,NG
32,4,21,NG
32,4,21,NG
24,32,27,NG
32,4,25,NG
32,4,28,NG
32,4,24,NG
32,4,17,NG
32,3,27,NG
32,3,19,NG
32,4,31,NG
24,33,34,NG
32,4,23,NG
32,4,28,NG
32,4,22,NG
32,4,21,NG
32,4,20,NG
32,4,18,NG
32,4,20,NG
32,4,22,NG
32,4,18,NG
32,3,21,NG
32,3,21,NG
30,16,28,NG
32,3,22,NG
32,2,21,NG
32,2,23,NG
32,2,25,NG
24,20,15,NG
24,4,17,NG
24,4,18,NG
32,4,23,NG
32,4,15,NG
32,3,20,NG
32,4,20,NG
32,2,27,NG
32,2,24,NG
24,20,29,NG
32,3,23,NG
32,3,25,NG
32,3,24,NG
32,3,28,NG
32,3,25,NG
32,3,20,NG
32,3,20,NG
32,4,29,NG
32,4,23,NG
16,3,23,NG
16,3,19,NG
16,4,32,NG
16,4,19,NG
24,4,30,NG
32,5,22,NG
56,4,23,NG
32,4,28,NG
35,22,25,NG
32,3,28,NG
32,3,24,NG
32,3,16,NG
13,25,30,NG
15,21,28,NG
16,3,22,NG
12,25,33,NG
18,30,36,NG
24,4,25,NG
24,4,16,NG
32,4,25,NG
24,4,25,NG
24,4,24,NG
32,3,18,NG
24,4,26,NG
24,4,22,NG
24,4,17,NG
22,23,25,NG
28,21,42,NG
30,29,37,NG
32,4,15,NG
32,4,19,NG
32,4,20,NG
24,4,26,NG
8,4,25,NG
8,5,16,NG
11,18,24,NG
32,3,16,NG
32,3,22,NG
32,3,20,NG
32,4,18,NG
32,4,19,NG
32,4,19,NG
32,5,29,NG
32,5,23,NG
28,13,21,NG
24,26,24,NG
32,2,21,NG
32,2,18,NG
32,2,23,NG
32,3,27,NG
42,22,37,NG
29,16,22,NG
41,4,25,NG
28,5,24,NG
33,28,25,NG
16,18,18,NG
31,28,13,NG
21,29,33,NG
18,33,9,NG
20,16,11,NG
24,4,25,NG
25,58,31,NG
54,5,16,NG
50,29,19,NG
39,25,20,NG
38,31,28,NG
41,31,31,NG
40,26,30,NG
44,39,23,NG
56,5,21,NG
51,23,16,NG
32,11,21,NG
33,39,25,NG
32,7,17,NG
28,37,19,NG
39,36,32,NG
11,29,11,NG
15,28,29,NG
32,4,25,NG
31,17,27,NG
35,21,22,NG
28,23,21,NG
21,3,17,OK
10,2,4,OK
0,1,9,OK
13,7,9,OK
17,2,17,OK
1,8,1,OK
30,3,19,OK
11,8,9,OK
13,20,22,OK
5,7,19,OK
3,8,8,OK
14,17,12,OK
8,0,19,OK
3,18,20,OK
6,9,5,OK
11,3,15,OK
3,9,2,OK
0,12,7,OK
8,0,21,OK
5,18,12,OK
2,11,4,OK
4,5,18,OK
4,26,18,OK
9,9,11,OK
1,10,2,OK
13,9,18,OK
14,13,25,OK
8,13,21,OK
5,9,15,OK
13,7,15,OK
9,11,19,OK
5,12,18,OK
2,6,3,OK
0,2,13,OK
1,4,1,OK
2,5,14,OK
17,14,17,OK
11,18,30,OK
4,13,16,OK
0,9,14,OK
6,6,17,OK
2,21,25,OK
4,8,22,OK
1,16,24,OK
4,6,26,OK
4,12,10,OK
7,12,24,OK
9,13,22,OK
4,10,17,OK
7,22,14,OK
3,7,29,OK
10,24,24,OK
7,7,18,OK
5,12,18,OK
7,6,20,OK
3,9,20,OK
2,6,13,OK
4,9,16,OK
1,14,19,OK
2,9,19,OK
2,11,15,OK
3,13,23,OK
3,10,16,OK
3,8,16,OK
0,11,22,OK
3,11,19,OK
1,9,23,OK
7,4,20,OK
3,15,20,OK
7,2,22,OK
3,10,18,OK
2,10,21,OK
5,1,8,OK
28,22,7,OK
4,8,23,OK
3,8,17,OK
14,0,22,OK
0,3,15,OK
0,15,29,OK
4,8,24,OK
31,3,26,OK
44,7,24,OK
36,1,32,OK
36,32,38,OK
25,28,37,OK
22,30,31,OK
15,29,21,OK
22,32,28,OK
24,29,25,OK
23,30,27,OK
3,31,22,OK
28,28,33,OK
18,31,29,OK
17,23,37,OK
5,28,16,OK
11,22,19,OK
26,28,18,OK
37,31,23,OK
9,39,17,OK
34,36,37,OK
29,28,31,OK
0,17,22,OK
22,16,17,OK
21,29,35,OK
33,38,31,OK
29,33,30,OK
16,26,28,OK
21,23,26,OK
8,12,12,OK
37,36,37,OK
26,28,25,OK
5,20,18,OK
15,21,29,OK
10,15,14,OK
33,29,35,OK
30,33,33,OK
25,26,30,OK
28,36,33,OK
9,11,16,OK
33,27,19,OK
23,34,35,OK
32,31,37,OK
30,37,32,OK
12,24,28,OK
29,28,34,OK
32,38,31,OK
27,43,36,OK
30,29,29,OK
7,28,22,OK
32,26,38,OK
33,29,23,OK
21,22,19,OK
27,18,24,OK
36,28,31,OK
25,29,25,OK
37,30,35,OK
37,21,39,OK
38,37,40,OK
25,29,23,OK
26,27,20,OK
12,14,22,OK
6,19,16,OK
18,17,18,OK
5,17,18,OK
34,35,25,OK
33,28,30,OK
25,33,19,OK
41,30,27,OK
23,36,23,OK
18,20,18,OK
31,32,24,OK
30,28,23,OK
33,26,27,OK
27,24,15,OK
10,24,22,OK
35,32,22,OK
28,27,20,OK
7,26,16,OK
29,28,23,OK
29,16,27,OK
29,28,12,OK
13,29,16,OK
16,25,23,OK
14,27,15,OK
26,21,12,OK
18,28,26,OK
25,28,17,OK
42,35,20,OK
21,27,20,OK
40,27,29,OK
12,22,22,OK
16,30,18,OK
15,28,18,OK
24,22,11,OK
26,32,25,OK
19,31,19,OK
12,27,17,OK
17,33,19,OK
7,16,16,OK
27,31,27,OK
28,21,16,OK
23,11,18,OK
8,22,21,OK
5,19,20,OK
15,23,17,OK
8,16,22,OK
8,25,15,OK
10,18,18,OK
14,21,16,OK
20,28,27,OK
16,19,19,OK
18,24,26,OK
15,15,20,OK
5,17,18,OK
5,18,24,OK
5,18,15,OK
20,20,24,OK
9,12,19,OK
5,14,25,OK
28,19,11,OK
17,16,27,OK
22,24,23,OK
6,11,18,OK
20,26,33,OK
12,20,29,OK
10,13,26,OK
5,15,22,OK
5,14,16,OK
7,14,19,OK
9,21,24,OK
13,18,27,OK
8,23,22,OK
19,24,15,OK
21,22,16,OK
6,11,20,OK
12,22,24,OK
20,20,30,OK
10,14,16,OK
7,22,23,OK
9,25,15,OK
13,27,21,OK
12,22,12,OK
5,13,25,OK
7,14,19,OK
17,16,26,OK
11,17,27,OK
4,21,17,OK
2,11,22,OK
17,16,13,OK
32,27,28,OK
13,23,16,OK
19,25,20,OK
6,20,19,OK
16,14,18,OK
15,18,26,OK
2,14,20,OK
14,19,15,OK
15,13,26,OK
8,16,20,OK
18,19,19,OK
9,15,26,OK
4,18,25,OK
24,22,22,OK
4,24,6,OK
16,20,20,OK
9,14,12,OK
6,17,21,OK
36,25,29,OK
13,21,21,OK
5,23,19,OK
7,18,19,OK
25,27,19,OK
23,31,27,OK
0,7,24,OK
2,18,24,OK
24,26,30,OK
3,12,25,OK
33,24,14,OK
2,9,5,OK
31,32,26,OK
9,15,20,OK
11,19,22,OK
2,21,21,OK
5,15,15,OK
24,29,25,OK
13,26,23,OK
29,32,40,OK
18,20,20,OK
16,23,32,OK
27,28,26,OK
19,32,20,OK
16,20,25,OK
18,25,24,OK
21,26,28,OK
23,28,22,OK
34,26,28,OK
13,18,30,OK
34,29,24,OK
12,27,21,OK
25,26,28,OK
31,31,25,OK
25,34,36,OK
30,32,28,OK
26,32,33,OK
29,29,26,OK
18,22,21,OK
19,24,27,OK
24,37,24,OK
30,26,33,OK
13,29,31,OK
20,23,30,OK
35,36,39,OK
29,12,33,OK
13,21,30,OK
35,35,25,OK
32,24,24,OK
7,18,20,OK
47,39,33,OK
19,23,30,OK
20,17,20,OK
32,15,32,OK
26,30,34,OK
14,25,28,OK
20,27,24,OK
15,19,10,OK
33,28,20,OK
30,29,31,OK
6,18,13,OK
15,25,24,OK
7,21,8,OK
12,19,18,OK
22,27,23,OK
21,35,23,OK
27,32,21,OK
23,26,25,OK
22,22,28,OK
21,36,22,OK
39,33,30,OK
15,25,12,OK
32,31,30,OK
2,6,26,OK
4,12,22,OK
16,10,19,OK
8,8,23,OK
17,6,23,OK
11,6,23,OK
8,8,24,OK
8,20,25,OK
9,18,20,OK
8,17,17,OK
0,4,18,OK
5,22,20,OK
7,34,26,OK
6,17,25,OK
11,30,20,OK
6,12,21,OK
9,20,22,OK
9,20,25,OK
3,18,26,OK
4,12,28,OK
8,6,27,OK
11,9,26,OK
11,5,19,OK
5,8,21,OK
8,9,24,OK
3,8,22,OK
24,21,21,OK
5,22,17,OK
22,23,22,OK
8,10,9,OK
9,12,25,OK
2,16,15,OK
16,26,20,OK
3,16,16,OK
39,29,27,OK
23,14,15,OK
5,10,20,OK
3,22,22,OK
2,13,18,OK
16,9,18,OK
5,26,19,OK
7,15,25,OK
9,16,24,OK
21,20,22,OK
14,23,22,OK
4,19,14,OK
29,31,16,OK
10,20,17,OK
9,12,22,OK
5,9,26,OK
32,19,25,OK
5,20,19,OK
9,18,17,OK
7,17,31,OK
1,23,14,OK
33,32,21,OK
11,15,18,OK
26,20,27,OK
14,15,17,OK
10,13,17,OK
16,12,27,OK
7,19,20,OK
12,24,19,OK
13,13,14,OK
4,22,21,OK
3,12,24,OK
6,16,20,OK
9,13,27,OK
36,24,21,OK
7,17,13,OK
17,20,23,OK
6,19,29,OK
12,16,25,OK
11,14,15,OK
8,12,20,OK
17,28,15,OK
5,23,23,OK
5,13,19,OK
15,13,18,OK
3,17,20,OK
9,28,23,OK
29,27,28,OK
3,17,24,OK
9,13,13,OK
21,25,21,OK
16,15,20,OK
6,18,25,OK
4,13,20,OK
17,21,29,OK
40,32,23,OK
9,17,18,OK
4,15,23,OK
27,28,18,OK
10,13,15,OK
3,11,22,OK
15,22,22,OK
1,25,16,OK
15,18,18,OK
3,19,21,OK
7,20,18,OK
17,23,17,OK
19,16,10,OK
1,13,21,OK
9,18,16,OK
11,13,15,OK
23,20,13,OK
11,15,29,OK
31,26,26,OK
16,17,30,OK
18,19,18,OK
6,13,23,OK
12,14,20,OK
4,8,17,OK
11,15,22,OK
11,16,18,OK
10,19,22,OK
2,22,31,OK
1,18,15,OK
34,25,23,OK
22,17,18,OK
8,16,19,OK
9,14,20,OK
15,16,27,OK
6,20,30,OK
7,13,14,OK
17,27,32,OK
23,18,15,OK
8,9,22,OK
6,13,15,OK
6,14,17,OK
14,19,14,OK
5,10,9,OK
9,11,15,OK
4,14,11,OK
34,35,20,OK
10,16,15,OK
26,35,22,OK
24,29,16,OK
8,22,25,OK
19,17,26,OK
21,21,16,OK
25,23,18,OK
18,24,21,OK
32,22,18,OK
4,17,14,OK
11,22,15,OK
13,22,15,OK
25,31,14,OK
1,19,24,OK
20,33,24,OK
5,18,20,OK
7,19,17,OK
23,21,22,OK
2,15,16,OK
5,18,9,OK
11,15,20,OK
9,12,24,OK
11,10,21,OK
8,17,20,OK
16,15,26,OK
19,24,26,OK
16,26,19,OK
4,12,21,OK
6,14,20,OK
19,7,24,OK
6,15,9,OK
26,29,26,OK
13,18,23,OK
33,31,19,OK
16,23,18,OK
9,20,12,OK
14,28,23,OK
8,15,21,OK
27,29,26,OK
8,12,21,OK
14,23,17,OK
30,23,24,OK
11,16,14,OK
12,16,15,OK
9,23,21,OK
6,13,13,OK
4,11,16,OK
9,18,24,OK
1,16,19,OK
14,21,18,OK
14,13,17,OK
11,13,16,OK
11,21,16,OK
14,11,21,OK
21,23,20,OK
37,30,31,OK
8,24,26,OK
1,14,17,OK
7,18,16,OK
12,19,18,OK
20,19,25,OK
1,16,19,OK
4,20,15,OK
13,18,18,OK
29,31,32,OK
12,11,22,OK
18,21,23,OK
6,17,23,OK
10,22,14,OK
14,26,30,OK
5,16,11,OK
4,19,23,OK
4,14,21,OK
12,12,24,OK
9,16,17,OK
14,10,19,OK
5,17,12,OK
17,16,17,OK
28,21,24,OK
24,21,25,OK
6,16,16,OK
11,14,22,OK
6,17,19,OK
8,7,14,OK
9,18,10,OK
4,17,18,OK
10,24,25,OK
6,15,13,OK
19,26,21,OK
8,9,16,OK
11,21,26,OK
0,22,18,OK
10,21,16,OK
22,17,15,OK
15,10,11,OK
10,13,21,OK
30,28,30,OK
8,17,22,OK
8,19,19,OK
18,14,13,OK
16,14,23,OK
9,15,11,OK
3,13,19,OK
4,18,14,OK
21,22,8,OK
4,15,14,OK
19,19,19,OK
22,32,21,OK
9,14,19,OK
4,11,17,OK
9,24,27,OK
18,21,30,OK
15,17,25,OK
5,14,8,OK
7,18,4,OK
8,12,14,OK
12,14,20,OK
4,20,18,OK
2,6,19,OK
3,15,25,OK
18,18,21,OK
13,27,27,OK
1,20,15,OK
17,14,22,OK
12,15,20,OK
16,20,13,OK
4,18,17,OK
20,14,13,OK
17,18,28,OK
14,18,13,OK
10,12,10,OK
5,22,18,OK
23,17,15,OK
5,8,14,OK
2,20,22,OK
2,16,13,OK
17,18,25,OK
18,25,18,OK
5,12,20,OK
1,13,25,OK
3,11,14,OK
25,19,16,OK
7,18,11,OK
9,17,21,OK
17,14,12,OK
5,20,12,OK
13,19,24,OK
15,17,10,OK
7,14,17,OK
9,22,17,OK
8,18,21,OK
41,27,24,OK
10,16,13,OK
8,17,9,OK
11,13,20,OK
4,14,21,OK
21,24,17,OK
4,16,24,OK
23,20,16,OK
4,13,15,OK
20,16,14,OK
24,22,25,OK
19,12,20,OK
14,28,21,OK
17,18,35,OK
18,22,18,OK
14,26,22,OK
12,16,22,OK
5,15,12,OK
9,17,27,OK
18,20,21,OK
21,20,26,OK
22,21,16,OK
6,26,14,OK
24,18,18,OK
6,18,19,OK
12,16,14,OK
11,20,4,OK
31,29,20,OK
14,20,27,OK
8,14,23,OK
15,9,11,OK
5,20,17,OK
15,19,19,OK
5,15,19,OK
24,23,17,OK
11,22,22,OK
3,20,23,OK
1,20,19,OK
17,18,18,OK
25,22,23,OK
7,21,8,OK
35,31,22,OK
3,13,21,OK
4,17,17,OK
8,17,15,OK
5,22,22,OK
10,13,19,OK
7,16,20,OK
18,19,19,OK
6,14,13,OK
6,18,14,OK
5,13,17,OK
5,20,21,OK
7,11,15,OK
12,21,31,OK
23,19,20,OK
10,16,22,OK
19,17,16,OK
5,13,13,OK
6,16,18,OK
4,10,25,OK
5,12,23,OK
14,15,10,OK
5,17,20,OK
4,17,21,OK
7,14,16,OK
4,12,18,OK
4,17,15,OK
6,15,20,OK
10,14,16,OK
10,18,24,OK
29,20,17,OK
10,12,4,OK
13,17,24,OK
29,30,19,OK
5,26,25,OK
25,32,23,OK
9,18,16,OK
16,23,10,OK
4,19,26,OK
2,14,18,OK
20,25,30,OK
8,18,17,OK
10,26,28,OK
8,22,16,OK
9,17,13,OK
18,25,26,OK
9,21,14,OK
33,22,19,OK
14,20,21,OK
11,16,26,OK
7,15,17,OK
5,14,25,OK
8,16,32,OK
4,15,25,OK
11,25,16,OK
4,23,25,OK
21,15,19,OK
4,18,21,OK
2,15,14,OK
2,14,13,OK
19,24,29,OK
10,6,20,OK
5,22,12,OK
12,22,18,OK
9,11,11,OK
23,29,20,OK
12,28,9,OK
6,14,14,OK
10,12,20,OK
6,20,26,OK
14,17,10,OK
10,17,21,OK
5,23,18,OK
14,13,13,OK
10,11,21,OK
13,15,20,OK
5,17,23,OK
10,15,17,OK
9,11,16,OK
1,13,14,OK
11,21,21,OK
7,25,18,OK
8,22,22,OK
4,18,20,OK
4,15,16,OK
25,29,23,OK
10,19,16,OK
8,24,35,OK
6,17,14,OK
12,23,21,OK
19,15,17,OK
3,13,15,OK
21,20,21,OK
18,16,13,OK
5,16,17,OK
13,21,16,OK
14,26,18,OK
26,24,25,OK
22,13,18,OK
16,21,24,OK
4,26,16,OK
29,29,20,OK
9,19,21,OK
2,19,16,OK
7,15,20,OK
18,25,30,OK
10,5,20,OK
12,18,23,OK
22,17,18,OK
20,22,20,OK
13,13,11,OK
17,18,7,OK
6,9,18,OK
4,14,15,OK
19,23,23,OK
8,23,20,OK
8,12,21,OK
11,15,21,OK
9,24,24,OK
5,18,16,OK
11,19,25,OK
31,16,21,OK
9,18,23,OK
0,17,19,OK
15,16,25,OK
21,24,25,OK
25,27,25,OK
6,32,18,OK
14,23,18,OK
7,17,26,OK
11,21,21,OK
11,16,24,OK
12,18,27,OK
9,12,15,OK
4,15,18,OK
1,11,18,OK
8,15,27,OK
24,24,22,OK
9,17,18,OK
3,18,22,OK
12,21,16,OK
16,19,32,OK
3,23,12,OK
8,16,20,OK
6,11,9,OK
8,18,20,OK
10,13,16,OK
8,25,21,OK
8,17,19,OK
10,25,9,OK
17,22,11,OK
7,15,16,OK
32,28,28,OK
8,22,25,OK
2,16,16,OK
20,22,21,OK
4,13,16,OK
10,18,18,OK
20,20,14,OK
7,12,20,OK
9,7,23,OK
8,11,18,OK
8,20,23,OK
21,20,22,OK
24,20,21,OK
8,22,19,OK
27,17,24,OK
25,27,26,OK
4,19,30,OK
31,29,23,OK
15,14,7,OK
13,16,30,OK
22,27,23,OK
7,14,22,OK
11,19,27,OK
11,16,23,OK
17,19,30,OK
13,13,9,OK
10,26,19,OK
12,16,14,OK
15,13,23,OK
2,9,19,OK
7,15,13,OK
2,12,15,OK
7,12,21,OK
24,24,24,OK
6,22,13,OK
4,13,18,OK
20,22,15,OK
11,19,22,OK
24,18,20,OK
13,15,17,OK
4,20,18,OK
11,15,15,OK
32,30,21,OK
5,18,12,OK
8,21,22,OK
4,26,4,OK
15,17,22,OK
32,21,18,OK
21,19,20,OK
27,34,19,OK
13,22,16,OK
22,13,33,OK
20,34,31,OK
9,19,17,OK
9,24,23,OK
9,16,21,OK
37,25,22,OK
7,26,21,OK
16,20,20,OK
21,19,8,OK
17,18,18,OK
14,26,27,OK
17,11,20,OK
8,23,21,OK
28,23,27,OK
32,19,17,OK
11,12,21,OK
17,17,20,OK
7,25,22,OK
8,19,12,OK
23,22,25,OK
15,24,19,OK
7,20,16,OK
4,17,18,OK
6,11,24,OK
1,14,21,OK
6,21,17,OK
9,14,17,OK
10,21,17,OK
7,13,15,OK
29,27,21,OK
23,20,12,OK
3,25,16,OK
24,16,17,OK
6,13,16,OK
2,21,19,OK
9,16,22,OK
27,30,33,OK
6,16,16,OK
43,34,28,OK
9,17,19,OK
19,31,23,OK
34,21,30,OK
20,22,35,OK
10,16,12,OK
2,8,18,OK
5,18,28,OK
7,18,19,OK
27,16,24,OK
17,12,16,OK
9,18,23,OK
16,19,23,OK
3,20,17,OK
18,27,37,OK
11,22,24,OK
5,14,9,OK
15,14,13,OK
8,16,14,OK
20,21,18,OK
5,16,19,OK
25,20,20,OK
7,16,22,OK
19,27,19,OK
9,13,17,OK
26,20,25,OK
29,23,19,OK
9,30,23,OK
13,31,25,OK
8,15,22,OK
7,22,17,OK
2,11,12,OK
6,17,17,OK
5,20,28,OK
4,19,13,OK
6,15,22,OK
5,20,16,OK
16,22,16,OK
37,28,16,OK
6,15,26,OK
9,22,14,OK
18,25,26,OK
13,24,19,OK
5,18,23,OK
15,24,18,OK
13,11,15,OK
18,32,25,OK
16,19,23,OK
6,18,24,OK
14,15,19,OK
7,20,22,OK
8,24,19,OK
24,15,24,OK
6,18,22,OK
5,13,17,OK
8,17,16,OK
3,23,19,OK
9,16,19,OK
7,19,30,OK
3,20,20,OK
9,26,25,OK
19,14,15,OK
10,13,22,OK
8,22,27,OK
21,14,19,OK
4,19,8,OK
0,23,21,OK
14,22,28,OK
9,21,12,OK
9,15,27,OK
12,14,23,OK
8,19,31,OK
13,15,24,OK
20,20,16,OK
31,23,18,OK
24,25,27,OK
20,14,14,OK
9,26,23,OK
14,6,26,OK
36,21,16,OK
1,26,20,OK
10,20,20,OK
7,17,9,OK
7,14,25,OK
5,21,17,OK
3,23,16,OK
18,19,20,OK
16,16,20,OK
28,19,23,OK
21,22,21,OK
19,21,16,OK
14,14,27,OK
16,26,26,OK
9,24,20,OK
13,16,19,OK
9,17,22,OK
5,23,26,OK
8,22,18,OK
6,21,10,OK
8,21,20,OK
14,21,28,OK
3,16,19,OK
8,13,19,OK
9,27,15,OK
0,16,19,OK
16,21,14,OK
6,20,31,OK
6,13,9,OK
14,24,26,OK
13,16,21,OK
7,23,20,OK
26,22,32,OK
11,16,12,OK
11,18,21,OK
14,14,19,OK
10,20,12,OK
7,16,31,OK
11,22,18,OK
7,17,12,OK
11,20,12,OK
9,15,11,OK
8,14,23,OK
20,28,25,OK
6,21,12,OK
29,24,19,OK
7,19,14,OK
22,18,19,OK
1,13,23,OK
20,12,20,OK
15,21,19,OK
12,26,23,OK
4,10,16,OK
6,19,17,OK
18,19,26,OK
6,17,23,OK
3,17,24,OK
7,21,27,OK
6,12,12,OK
3,16,15,OK
25,24,28,OK
10,16,25,OK
3,16,18,OK
5,11,13,OK
30,27,21,OK
7,12,12,OK
13,18,19,OK
22,25,16,OK
33,15,21,OK
5,15,11,OK
11,23,19,OK
7,26,15,OK
7,12,12,OK
21,16,23,OK
0,25,25,OK
3,11,25,OK
7,7,20,OK
0,18,28,OK
14,26,14,OK
8,22,18,OK
20,25,25,OK
3,21,9,OK
10,20,18,OK
22,31,21,OK
11,19,12,OK
8,13,15,OK
21,20,27,OK
9,14,14,OK
14,19,16,OK
19,16,19,OK
7,7,12,OK
6,18,7,OK
9,13,17,OK
3,18,25,OK
5,21,21,OK
18,13,16,OK
21,16,17,OK
16,16,29,OK
2,16,27,OK
7,16,18,OK
22,18,17,OK
6,14,17,OK
6,18,18,OK
17,23,28,OK
12,11,22,OK
8,17,23,OK
31,32,19,OK
23,17,16,OK
26,24,21,OK
15,17,27,OK
4,17,15,OK
9,16,23,OK
7,27,10,OK
3,18,24,OK
21,26,13,OK
36,27,23,OK
6,20,23,OK
13,18,22,OK
11,23,20,OK
12,13,22,OK
5,22,24,OK
3,24,18,OK
9,14,29,OK
7,23,19,OK
6,20,29,OK
1,21,21,OK
4,15,25,OK
12,17,21,OK
29,12,17,OK
6,15,23,OK
11,20,27,OK
8,13,16,OK
3,18,22,OK
7,25,22,OK
4,16,24,OK
10,18,12,OK
20,29,18,OK
0,18,23,OK
13,17,22,OK
2,13,16,OK
18,21,25,OK
15,24,19,OK
23,28,20,OK
3,17,23,OK
13,17,22,OK
8,15,24,OK
8,20,17,OK
2,20,15,OK
9,12,19,OK
30,23,16,OK
11,20,27,OK
25,14,17,OK
4,5,20,OK
13,25,22,OK
5,18,8,OK
7,11,11,OK
8,20,19,OK
4,19,18,OK
18,10,18,OK
23,25,25,OK
16,23,25,OK
15,19,29,OK
8,18,23,OK
21,17,22,OK
16,23,18,OK
6,15,18,OK
14,14,17,OK
26,27,29,OK
15,7,15,OK
7,19,19,OK
7,19,16,OK
11,15,12,OK
19,24,16,OK
10,18,30,OK
7,11,18,OK
11,10,17,OK
13,20,12,OK
13,20,26,OK
7,19,26,OK
20,15,17,OK
19,22,17,OK
12,21,21,OK
14,21,29,OK
7,15,19,OK
16,6,25,OK
10,22,16,OK
27,28,23,OK
22,24,23,OK
21,19,17,OK
8,19,16,OK
7,18,14,OK
7,16,19,OK
13,19,12,OK
8,15,25,OK
27,28,23,OK
15,14,29,OK
22,24,20,OK
4,18,10,OK
10,23,22,OK
19,19,21,OK
8,17,25,OK
3,19,22,OK
11,22,24,OK
11,14,17,OK
7,25,25,OK
7,21,23,OK
17,20,16,OK
8,23,19,OK
28,20,19,OK
17,9,23,OK
4,20,26,OK
9,8,16,OK
23,30,32,OK
5,12,18,OK
5,16,24,OK
19,15,20,OK
4,19,23,OK
11,14,19,OK
11,21,23,OK
13,20,18,OK
4,15,15,OK
21,20,27,OK
11,24,23,OK
6,15,26,OK
10,10,20,OK
13,23,17,OK
2,19,22,OK
7,17,21,OK
9,7,17,OK
3,24,8,OK
17,21,25,OK
3,19,11,OK
10,13,26,OK
28,20,21,OK
45,30,38,OK
6,12,11,OK
21,25,16,OK
0,25,23,OK
2,19,16,OK
10,14,22,OK
14,4,16,OK
12,13,14,OK
10,15,16,OK
10,15,19,OK
7,18,21,OK
14,21,16,OK
2,22,24,OK
28,23,30,OK
11,13,12,OK
9,23,26,OK
4,17,24,OK
8,10,14,OK
10,17,25,OK
20,20,28,OK
12,25,17,OK
13,15,13,OK
6,19,21,OK
19,22,25,OK
18,29,29,OK
4,19,15,OK
18,20,15,OK
14,8,24,OK
21,10,22,OK
23,20,15,OK
40,29,28,OK
20,28,21,OK
7,25,20,OK
27,29,27,OK
5,25,18,OK
5,18,21,OK
7,22,22,OK
9,29,14,OK
13,26,26,OK
8,19,20,OK
11,17,17,OK
15,16,25,OK
23,27,22,OK
12,12,21,OK
8,12,19,OK
10,11,18,OK
18,26,21,OK
9,8,8,OK
4,23,10,OK
13,16,26,OK
9,22,18,OK
9,23,22,OK
9,16,18,OK
6,10,21,OK
11,20,25,OK
18,25,33,OK
9,27,24,OK
15,24,13,OK
7,13,31,OK
12,15,24,OK
3,11,18,OK
21,8,11,OK
19,23,22,OK
42,31,26,OK
25,20,15,OK
19,21,25,OK
5,17,22,OK
5,14,16,OK
19,17,23,OK
7,17,20,OK
4,19,23,OK
14,25,21,OK
18,17,22,OK
16,19,19,OK
2,28,10,OK
23,21,19,OK
13,12,21,OK
13,23,24,OK
8,21,18,OK
12,25,15,OK
5,21,26,OK
8,15,15,OK
16,16,21,OK
20,15,18,OK
9,31,19,OK
26,22,26,OK
35,27,23,OK
7,19,21,OK
10,18,19,OK
18,14,9,OK
10,20,31,OK
11,25,15,OK
10,23,24,OK
12,15,24,OK
8,20,21,OK
4,11,24,OK
21,20,29,OK
18,22,23,OK
23,21,18,OK
5,14,19,OK
3,18,25,OK
5,18,26,OK
10,15,18,OK
18,23,21,OK
5,15,10,OK
5,20,21,OK
22,25,22,OK
5,25,19,OK
6,15,30,OK
8,23,30,OK
5,17,24,OK
14,24,20,OK
19,12,23,OK
12,17,19,OK
24,28,28,OK
9,15,20,OK
0,16,13,OK
6,14,26,OK
13,11,18,OK
10,15,22,OK
10,14,27,OK
18,21,18,OK
9,17,20,OK
8,17,32,OK
10,23,20,OK
13,16,23,OK
28,19,28,OK
11,12,23,OK
19,15,18,OK
4,18,18,OK
7,25,25,OK
6,21,23,OK
7,15,18,OK
7,14,23,OK
14,21,30,OK
9,19,24,OK
22,12,18,OK
8,19,13,OK
11,9,18,OK
7,14,21,OK
14,20,25,OK
15,15,14,OK
4,21,20,OK
7,21,17,OK
6,12,17,OK
12,25,21,OK
7,17,20,OK
3,21,17,OK
2,13,17,OK
7,12,13,OK
28,20,10,OK
24,18,14,OK
16,20,20,OK
2,10,28,OK
8,22,18,OK
1,24,21,OK
0,13,13,OK
16,17,29,OK
28,30,25,OK
5,25,21,OK
6,18,14,OK
21,19,26,OK
6,15,10,OK
12,14,17,OK
2,24,21,OK
31,27,33,OK
11,23,15,OK
16,19,22,OK
4,24,24,OK
16,18,24,OK
33,35,22,OK
22,24,16,OK
25,28,25,OK
10,18,27,OK
5,18,26,OK
6,20,18,OK
13,22,20,OK
5,22,16,OK
8,16,23,OK
23,17,0,OK
11,22,15,OK
7,15,15,OK
13,15,19,OK
34,30,35,OK
20,31,13,OK
11,13,20,OK
6,12,24,OK
26,23,16,OK
10,29,15,OK
9,22,26,OK
4,19,17,OK
24,16,18,OK
5,16,12,OK
5,22,16,OK
2,23,23,OK
7,20,19,OK
4,18,14,OK
17,21,16,OK
6,19,18,OK
31,28,34,OK
2,19,21,OK
4,24,23,OK
5,22,12,OK
15,13,31,OK
13,21,20,OK
10,16,23,OK
12,24,15,OK
19,17,18,OK
2,27,18,OK
9,13,15,OK
11,24,17,OK
6,22,13,OK
6,11,21,OK
8,33,19,OK
29,19,19,OK
13,23,29,OK
4,19,25,OK
3,20,16,OK
9,15,19,OK
23,22,17,OK
17,30,19,OK
0,18,17,OK
2,17,30,OK
8,13,22,OK
6,15,17,OK
4,15,14,OK
8,16,14,OK
7,13,22,OK
8,17,19,OK
11,17,14,OK
12,18,19,OK
16,16,16,OK
9,18,22,OK
16,23,11,OK
7,21,21,OK
17,20,22,OK
7,17,21,OK
19,17,9,OK
19,20,24,OK
14,21,24,OK
5,17,20,OK
6,19,11,OK
11,14,18,OK
5,16,20,OK
15,17,17,OK
24,27,30,OK
15,26,14,OK
23,16,19,OK
25,24,20,OK
6,23,19,OK
16,15,12,OK
26,19,21,OK
8,17,22,OK
8,14,7,OK
23,28,30,OK
3,26,16,OK
6,9,27,OK
8,1,20,OK
11,17,27,OK
5,8,19,OK
6,17,16,OK
10,15,19,OK
11,14,18,OK
4,14,22,OK
6,9,4,OK
11,18,21,OK
13,14,15,OK
6,21,20,OK
3,13,24,OK
12,14,16,OK
9,18,19,OK
3,11,19,OK
3,19,20,OK
5,11,15,OK
9,12,20,OK
1,14,29,OK
9,17,25,OK
5,20,22,OK
14,19,20,OK
9,14,14,OK
13,8,12,OK
7,13,25,OK
4,17,24,OK
7,13,9,OK
12,15,15,OK
17,22,22,OK
18,17,24,OK
7,15,19,OK
9,9,15,OK
6,13,27,OK
3,9,18,OK
17,13,19,OK
16,17,9,OK
9,15,5,OK
8,14,12,OK
11,19,17,OK
15,14,6,OK
17,7,19,OK
17,21,19,OK
7,26,23,OK
11,20,27,OK
8,28,23,OK
17,15,25,OK
12,17,28,OK
13,11,11,OK
13,10,16,OK
4,14,15,OK
6,9,28,OK
3,12,22,OK
4,19,20,OK
5,17,18,OK
4,12,18,OK
16,7,9,OK
1,16,15,OK
8,8,14,OK
3,9,23,OK
8,17,18,OK
3,20,9,OK
11,11,24,OK
7,20,7,OK
10,13,13,OK
5,15,25,OK
12,15,25,OK
14,16,29,OK
1,12,18,OK
12,11,10,OK
3,10,30,OK
8,14,18,OK
11,14,12,OK
14,22,23,OK
3,16,22,OK
17,14,21,OK
4,13,26,OK
9,12,20,OK
12,23,18,OK
2,5,18,OK
10,13,19,OK
14,6,21,OK
13,22,18,OK
15,16,18,OK
2,14,17,OK
2,16,22,OK
17,7,10,OK
11,13,35,OK
10,18,13,OK
11,13,14,OK
19,12,24,OK
12,19,18,OK
10,7,11,OK
9,16,17,OK
22,21,29,OK
6,14,21,OK
11,18,20,OK
20,23,15,OK
24,26,26,OK
12,16,16,OK
2,14,7,OK
3,16,8,OK
10,15,12,OK
7,14,13,OK
8,14,7,OK
17,12,16,OK
10,15,6,OK
15,6,15,OK
9,14,16,OK
13,11,25,OK
9,10,23,OK
10,16,25,OK
5,16,28,OK
6,7,17,OK
22,13,15,OK
18,16,23,OK
23,18,19,OK
6,12,16,OK
10,8,19,OK
14,12,19,OK
0,21,17,OK
17,20,14,OK
19,14,28,OK
4,12,14,OK
11,18,8,OK
13,15,19,OK
9,13,26,OK
20,19,26,OK
15,15,26,OK
20,18,29,OK
15,8,21,OK
12,18,19,OK
12,12,27,OK
12,17,28,OK
13,15,23,OK
18,14,19,OK
13,15,23,OK
20,14,21,OK
13,6,24,OK
21,17,19,OK
14,21,23,OK
0,14,23,OK
2,14,25,OK
14,5,10,OK
7,10,14,OK
15,12,17,OK
11,10,22,OK
11,13,7,OK
9,24,23,OK
12,11,20,OK
8,6,23,OK
3,13,21,OK
10,10,3,OK
7,14,14,OK
9,12,19,OK
11,20,19,OK
16,17,25,OK
1,14,3,OK
8,11,12,OK
5,17,21,OK
8,8,14,OK
4,16,21,OK
8,10,24,OK
7,11,23,OK
13,6,14,OK
7,18,21,OK
4,15,11,OK
9,12,17,OK
6,16,23,OK
12,17,18,OK
11,17,15,OK
7,11,21,OK
15,14,10,OK
5,11,17,OK
11,10,16,OK
5,4,28,OK
9,18,20,OK
6,16,4,OK
13,19,9,OK
11,10,14,OK
17,16,28,OK
15,11,1,OK
6,15,32,OK
9,23,22,OK
11,15,20,OK
24,10,21,OK
13,11,15,OK
13,6,7,OK
15,15,23,OK
1,7,22,OK
11,18,28,OK
15,7,17,OK
11,14,23,OK
7,13,16,OK
11,13,23,OK
6,3,23,OK
9,9,16,OK
11,8,15,OK
10,9,24,OK
3,21,19,OK
14,12,24,OK
14,17,25,OK
9,25,21,OK
8,8,21,OK
13,15,23,OK
11,12,26,OK
12,14,21,OK
13,14,15,OK
4,13,14,OK
9,19,19,OK
8,13,16,OK
8,13,11,OK
12,14,16,OK
7,16,30,OK
0,22,17,OK
12,12,14,OK
11,14,13,OK
14,22,15,OK
14,11,13,OK
6,15,24,OK
3,12,23,OK
17,19,14,OK
9,10,17,OK
17,16,22,OK
11,13,6,OK
5,12,21,OK
8,16,19,OK
6,12,26,OK
13,17,19,OK
2,22,9,OK
21,24,15,OK
1,9,9,OK
10,17,11,OK
6,11,15,OK
9,17,14,OK
9,13,19,OK
9,15,22,OK
7,17,25,OK
8,9,26,OK
2,17,19,OK
12,17,27,OK
2,20,22,OK
5,18,29,OK
16,11,19,OK
8,14,14,OK
2,19,10,OK
13,17,13,OK
4,14,18,OK
17,16,19,OK
10,12,19,OK
27,23,20,OK
2,10,9,OK
6,16,18,OK
14,18,13,OK
7,7,11,OK
3,16,13,OK
14,20,28,OK
10,14,23,OK
12,14,20,OK
5,15,18,OK
10,13,15,OK
7,17,15,OK
8,20,24,OK
9,11,27,OK
15,6,11,OK
11,14,11,OK
18,20,20,OK
5,13,18,OK
7,21,23,OK
14,11,20,OK
0,19,15,OK
14,7,20,OK
7,21,10,OK
17,24,20,OK
8,15,18,OK
8,17,23,OK
9,8,20,OK
8,14,16,OK
3,13,16,OK
13,11,21,OK
11,12,26,OK
12,6,15,OK
12,17,21,OK
9,12,25,OK
27,18,25,OK
19,23,21,OK
14,12,4,OK
13,16,18,OK
14,15,13,OK
8,12,19,OK
9,20,16,OK
13,13,18,OK
8,19,9,OK
10,6,11,OK
10,14,19,OK
23,15,26,OK
11,24,24,OK
6,18,20,OK
8,17,26,OK
4,22,19,OK
6,18,20,OK
1,25,15,OK
24,12,17,OK
7,3,13,OK
4,17,25,OK
17,16,11,OK
6,11,19,OK
12,14,18,OK
2,15,19,OK
12,11,20,OK
14,11,18,OK
10,14,10,OK
15,18,28,OK
9,11,14,OK
1,14,23,OK
6,10,13,OK
11,9,18,OK
10,17,15,OK
10,15,15,OK
8,15,19,OK
9,10,25,OK
19,18,35,OK
5,5,12,OK
18,14,34,OK
13,9,18,OK
3,10,17,OK
4,17,24,OK
2,19,22,OK
2,20,13,OK
14,11,22,OK
4,18,28,OK
19,12,23,OK
14,13,19,OK
18,12,7,OK
17,17,18,OK
15,9,12,OK
1,18,17,OK
12,25,21,OK
15,25,30,OK
4,14,9,OK
20,21,13,OK
8,9,4,OK
13,11,25,OK
7,12,16,OK
16,13,13,OK
6,16,18,OK
12,9,11,OK
12,11,16,OK
2,21,20,OK
4,13,18,OK
12,16,12,OK
17,20,29,OK
15,10,15,OK
8,15,12,OK
7,16,30,OK
4,7,12,OK
12,8,18,OK
12,11,12,OK
13,20,27,OK
16,19,17,OK
12,17,17,OK
13,11,7,OK
23,13,21,OK
19,17,19,OK
15,15,17,OK
9,19,11,OK
4,10,10,OK
6,11,23,OK
4,14,22,OK
7,16,16,OK
13,11,10,OK
4,9,12,OK
16,8,18,OK
2,15,19,OK
12,16,24,OK
12,8,6,OK
14,11,12,OK
12,11,19,OK
10,8,16,OK
7,14,21,OK
8,10,14,OK
6,18,22,OK
21,12,10,OK
3,23,23,OK
6,13,22,OK
14,13,9,OK
8,19,7,OK
13,20,25,OK
12,15,22,OK
4,14,10,OK
14,17,26,OK
18,12,20,OK
17,25,19,OK
9,11,20,OK
10,8,16,OK
8,13,21,OK
11,12,14,OK
0,15,21,OK
9,19,27,OK
16,8,23,OK
6,2,11,OK
11,9,13,OK
2,16,21,OK
9,17,21,OK
4,8,10,OK
0,16,23,OK
4,21,26,OK
19,20,17,OK
9,7,15,OK
8,20,16,OK
13,12,15,OK
8,11,13,OK
3,7,24,OK
7,11,21,OK
12,25,18,OK
15,17,32,OK
14,13,15,OK
6,12,13,OK
9,13,25,OK
8,18,16,OK
0,12,20,OK
15,9,10,OK
13,16,17,OK
14,12,6,OK
8,13,26,OK
9,25,19,OK
20,20,25,OK
11,13,18,OK
9,14,21,OK
7,12,24,OK
10,15,13,OK
11,11,28,OK
6,11,23,OK
11,16,26,OK
5,11,18,OK
5,17,21,OK
11,10,24,OK
13,17,14,OK
9,11,20,OK
9,12,27,OK
11,13,11,OK
21,18,21,OK
7,15,20,OK
3,21,20,OK
22,14,22,OK
6,12,19,OK
16,20,20,OK
13,18,7,OK
14,9,18,OK
12,12,23,OK
6,8,11,OK
8,20,28,OK
10,22,24,OK
21,10,20,OK
0,23,22,OK
21,22,16,OK
5,7,20,OK
15,12,26,OK
12,19,31,OK
10,16,16,OK
5,15,12,OK
11,10,21,OK
8,8,10,OK
19,15,20,OK
14,8,15,OK
3,17,18,OK
14,19,14,OK
9,18,22,OK
7,20,26,OK
9,14,18,OK
21,15,8,OK
24,12,22,OK
2,18,21,OK
9,17,17,OK
15,15,23,OK
8,19,16,OK
29,17,27,OK
9,22,13,OK
14,15,25,OK
2,24,22,OK
15,12,9,OK
9,24,22,OK
5,16,22,OK
10,12,18,OK
23,24,24,OK
7,12,17,OK
8,13,22,OK
11,22,27,OK
10,18,19,OK
2,14,8,OK
15,17,11,OK
6,20,16,OK
4,15,23,OK
23,24,32,OK
19,10,20,OK
10,14,14,OK
17,13,19,OK
8,9,27,OK
4,15,14,OK
8,16,27,OK
20,20,21,OK
6,14,15,OK
19,25,17,OK
17,12,15,OK
12,11,11,OK
4,19,27,OK
16,14,21,OK
9,14,13,OK
15,16,23,OK
4,19,16,OK
11,20,11,OK
11,3,13,OK
19,19,28,OK
16,20,19,OK
9,9,20,OK
13,13,13,OK
13,13,22,OK
5,22,15,OK
10,9,18,OK
9,7,12,OK
8,15,7,OK
5,13,22,OK
6,14,14,OK
13,17,17,OK
4,13,27,OK
5,8,13,OK
21,13,8,OK
14,16,21,OK
4,9,26,OK
13,8,21,OK
9,18,9,OK
16,19,29,OK
0,13,19,OK
11,12,10,OK
7,16,22,OK
12,21,24,OK
19,14,25,OK
10,9,22,OK
5,21,22,OK
6,14,16,OK
15,14,13,OK
5,14,31,OK
16,16,20,OK
8,12,15,OK
14,14,21,OK
4,14,21,OK
8,14,23,OK
4,10,24,OK
5,15,23,OK
12,21,20,OK
10,11,8,OK
5,17,23,OK
43,27,25,OK
8,18,23,OK
13,17,14,OK
22,14,28,OK
9,17,17,OK
1,14,21,OK
0,15,28,OK
6,6,30,OK
15,12,22,OK
9,14,20,OK
12,12,14,OK
10,20,13,OK
18,20,22,OK
11,23,22,OK
8,19,19,OK
9,18,20,OK
17,14,7,OK
12,8,12,OK
4,18,20,OK
3,15,10,OK
9,18,13,OK
10,14,26,OK
31,26,22,OK
1,16,19,OK
8,11,13,OK
10,18,30,OK
13,20,12,OK
10,15,13,OK
14,16,28,OK
13,13,24,OK
28,17,16,OK
8,19,15,OK
9,11,34,OK
15,16,17,OK
5,7,21,OK
19,13,5,OK
7,19,30,OK
9,13,21,OK
10,11,24,OK
9,19,29,OK
12,10,24,OK
2,16,12,OK
8,18,23,OK
11,16,16,OK
15,12,27,OK
12,12,24,OK
29,25,23,OK
3,13,17,OK
1,11,18,OK
11,11,26,OK
2,15,9,OK
12,15,12,OK
9,9,14,OK
4,23,19,OK
11,11,13,OK
24,16,18,OK
13,9,14,OK
6,10,24,OK
25,20,33,OK
5,16,30,OK
15,9,14,OK
4,8,20,OK
13,15,5,OK
6,19,27,OK
29,13,12,OK
8,13,16,OK
11,11,14,OK
4,12,16,OK
9,19,8,OK
22,14,19,OK
13,14,24,OK
16,9,15,OK
13,10,31,OK
8,21,18,OK
20,19,15,OK
9,7,19,OK
12,15,19,OK
10,18,17,OK
10,10,20,OK
8,8,22,OK
2,14,17,OK
4,11,15,OK
13,8,13,OK
10,11,15,OK
11,11,24,OK
3,15,13,OK
4,14,19,OK
8,17,21,OK
9,15,17,OK
6,13,22,OK
8,8,13,OK
2,16,20,OK
1,16,12,OK
8,14,19,OK
7,9,15,OK
5,22,19,OK
7,13,18,OK
12,13,17,OK
7,18,26,OK
6,18,16,OK
11,11,25,OK
11,8,23,OK
5,12,22,OK
6,17,21,OK
11,16,17,OK
14,13,10,OK
6,19,18,OK
14,13,8,OK
8,14,23,OK
13,11,10,OK
9,9,7,OK
6,19,5,OK
13,15,16,OK
7,8,15,OK
9,14,8,OK
15,21,18,OK
5,24,13,OK
15,17,19,OK
3,13,10,OK
21,7,2,OK
5,17,24,OK
15,9,22,OK
7,12,12,OK
5,15,18,OK
7,9,19,OK
8,24,22,OK
4,8,26,OK
10,18,13,OK
8,14,15,OK
5,19,24,OK
9,8,10,OK
16,21,33,OK
2,19,21,OK
9,15,8,OK
17,8,21,OK
15,15,16,OK
0,11,27,OK
8,20,21,OK
7,8,18,OK
6,6,20,OK
6,19,17,OK
8,17,16,OK
19,14,16,OK
12,14,24,OK
15,11,9,OK
14,16,27,OK
13,14,18,OK
14,23,22,OK
14,9,14,OK
11,13,16,OK
8,18,18,OK
6,18,15,OK
10,19,21,OK
11,17,26,OK
7,22,17,OK
1,11,19,OK
2,16,17,OK
14,9,20,OK
13,8,5,OK
14,14,10,OK
9,6,17,OK
14,15,18,OK
9,9,25,OK
15,14,22,OK
1,11,17,OK
11,16,19,OK
4,15,15,OK
2,19,21,OK
20,22,23,OK
4,14,13,OK
14,11,4,OK
12,12,7,OK
9,11,19,OK
8,7,21,OK
3,12,10,OK
2,13,21,OK
2,12,8,OK
1,11,19,OK
4,14,13,OK
6,10,22,OK
8,17,4,OK
2,12,15,OK
12,16,26,OK
4,10,20,OK
11,13,18,OK
3,13,14,OK
9,13,19,OK
9,17,26,OK
1,18,20,OK
18,33,21,OK
17,28,24,OK
13,23,22,OK
8,16,5,OK
8,15,16,OK
5,16,15,OK
9,12,12,OK
1,13,14,OK
11,17,18,OK
5,15,16,OK
3,28,2,OK
8,9,18,OK
16,25,19,OK
2,13,9,OK
2,13,17,OK
2,13,26,OK
7,10,14,OK
2,17,19,OK
5,13,25,OK
9,21,17,OK
10,19,16,OK
14,22,26,OK
3,12,18,OK
21,14,20,OK
11,22,15,OK
4,16,9,OK
20,19,15,OK
10,16,19,OK
5,8,18,OK
0,16,15,OK
3,10,20,OK
4,10,13,OK
3,21,17,OK
1,16,15,OK
12,19,25,OK
4,5,15,OK
1,15,12,OK
3,17,21,OK
13,18,21,OK
4,17,28,OK
6,12,17,OK
8,10,9,OK
0,16,17,OK
6,5,13,OK
17,16,16,OK
9,13,19,OK
16,20,10,OK
10,15,13,OK
20,16,18,OK
9,24,22,OK
16,14,16,OK
3,10,12,OK
11,9,25,OK
8,9,12,OK
6,7,13,OK
3,9,21,OK
7,17,25,OK
1,10,20,OK
25,25,21,OK
17,23,23,OK
20,15,19,OK
3,57,21,OK
9,15,14,OK
3,1,20,OK
12,1,17,OK
13,11,15,OK
17,17,17,OK
9,17,20,OK
9,16,25,OK
14,19,26,OK
15,21,19,OK
20,20,10,OK
10,14,14,OK
19,21,17,OK
14,20,25,OK
15,11,32,OK
12,6,15,OK
10,22,16,OK
27,24,21,OK
6,20,23,OK
9,12,27,OK
25,15,12,OK
7,16,22,OK
20,10,13,OK
12,14,7,OK
13,11,15,OK
8,11,21,OK
11,14,16,OK
12,12,28,OK
18,19,24,OK
13,17,17,OK
7,12,22,OK
6,14,22,OK
14,7,28,OK
16,13,27,OK
8,11,21,OK
9,14,23,OK
7,18,26,OK
13,12,22,OK
10,17,4,OK
8,8,17,OK
11,14,4,OK
12,21,25,OK
9,11,15,OK
7,10,8,OK
10,17,23,OK
11,23,23,OK
5,20,22,OK
20,18,17,OK
9,18,5,OK
14,14,27,OK
12,16,19,OK
10,16,24,OK
10,15,24,OK
4,12,16,OK
13,14,11,OK
18,14,25,OK
14,8,19,OK
9,23,18,OK
11,11,13,OK
13,11,14,OK
8,9,29,OK
8,14,13,OK
10,13,18,OK
14,27,17,OK
13,11,19,OK
22,19,17,OK
17,15,17,OK
16,11,15,OK
12,18,27,OK
11,27,26,OK
5,28,23,OK
0,17,24,OK
4,6,9,OK
16,14,19,OK
24,21,14,OK
13,15,21,OK
11,19,23,OK
14,16,20,OK
15,22,12,OK
9,9,19,OK
5,14,5,OK
19,11,14,OK
12,11,19,OK
14,14,18,OK
4,11,22,OK
11,8,14,OK
17,14,22,OK
10,14,17,OK
11,21,27,OK
13,14,20,OK
12,12,17,OK
7,15,17,OK
16,10,15,OK
14,21,27,OK
6,14,17,OK
10,20,21,OK
15,13,25,OK
18,15,24,OK
14,25,21,OK
9,16,19,OK
18,22,27,OK
14,17,15,OK
6,18,23,OK
6,23,23,OK
23,24,27,OK
21,17,17,OK
10,20,17,OK
10,14,19,OK
11,22,20,OK
11,18,11,OK
11,8,15,OK
5,11,11,OK
6,19,24,OK
7,6,19,OK
4,15,12,OK
17,14,15,OK
11,15,25,OK
12,5,20,OK
9,20,27,OK
22,17,24,OK
10,17,25,OK
4,16,18,OK
6,15,30,OK
12,10,20,OK
13,15,15,OK
5,16,12,OK
21,25,23,OK
13,15,16,OK
18,16,27,OK
10,14,23,OK
2,20,27,OK
14,15,22,OK
8,10,18,OK
14,23,18,OK
12,12,26,OK
7,22,21,OK
5,24,26,OK
11,16,31,OK
18,13,14,OK
8,14,11,OK
9,17,13,OK
11,13,16,OK
9,18,13,OK
12,12,9,OK
17,17,23,OK
11,11,26,OK
7,10,15,OK
12,10,6,OK
23,21,24,OK
13,20,17,OK
20,15,18,OK
22,21,15,OK
27,16,15,OK
16,19,22,OK
14,10,20,OK
8,12,24,OK
16,26,23,OK
34,14,20,OK
14,27,18,OK
17,12,21,OK
32,20,28,OK
33,23,24,OK
25,21,16,OK
11,14,23,OK
8,24,21,OK
6,15,28,OK
19,20,11,OK
15,19,20,OK
20,22,21,OK
12,15,24,OK
31,20,16,OK
28,25,26,OK
25,25,20,OK
10,17,30,OK
17,7,23,OK
3,25,15,OK
18,14,6,OK
15,14,8,OK
14,19,22,OK
16,21,18,OK
10,15,14,OK
30,28,20,OK
27,20,22,OK
15,11,22,OK
13,21,21,OK
10,15,12,OK
9,17,12,OK
5,17,24,OK
7,14,21,OK
17,7,23,OK
9,25,22,OK
21,27,29,OK
7,22,12,OK
21,19,16,OK
18,19,29,OK
9,11,9,OK
14,24,31,OK
9,15,13,OK
2,8,6,OK
5,9,23,OK
3,7,25,OK
2,11,11,OK
7,6,13,OK
5,3,9,OK
13,7,23,OK
1,4,11,OK
5,2,11,OK
12,0,11,OK
2,6,28,OK
10,15,33,OK
3,4,28,OK
8,27,24,OK
37,18,35,OK
5,19,13,OK
0,7,8,OK
7,9,17,OK
4,16,29,OK
6,21,22,OK
3,19,22,OK
10,21,17,OK
5,5,14,OK
4,6,14,OK
5,10,15,OK
6,12,13,OK
38,15,15,OK
10,5,20,OK
10,16,22,OK
9,18,14,OK
7,1,27,OK
2,24,38,OK
11,9,11,OK
19,21,21,OK
12,5,25,OK
14,8,21,OK
9,6,18,OK
10,4,11,OK
6,8,19,OK
8,10,29,OK
9,4,13,OK
9,10,20,OK
9,13,26,OK
9,12,22,OK
16,8,27,OK
20,12,30,OK
5,10,14,OK
3,6,17,OK
5,6,13,OK
10,3,16,OK
12,22,18,OK
9,8,19,OK
26,14,10,OK
16,24,18,OK
3,13,20,OK
11,10,18,OK
7,12,8,OK
14,15,18,OK
16,0,24,OK
4,6,14,OK
0,3,10,OK
6,15,13,OK
4,8,15,OK
12,11,18,OK
8,14,24,OK
3,9,15,OK
9,15,13,OK
4,3,23,OK
10,13,8,OK
4,1,23,OK
1,4,16,OK
22,34,32,OK
2,2,19,OK
1,8,10,OK
3,8,23,OK
16,12,13,OK
4,4,18,OK
0,2,16,OK
27,18,29,OK
2,13,3,OK
27,21,23,OK
8,8,17,OK
33,22,34,OK
17,13,24,OK
13,12,13,OK
9,13,11,OK
8,11,16,OK
23,25,15,OK
8,17,30,OK
10,14,33,OK
8,13,17,OK
8,6,24,OK
10,9,25,OK
10,14,29,OK
10,12,30,OK
12,11,27,OK
8,19,24,OK
11,17,27,OK
10,15,20,OK
7,18,34,OK
5,14,17,OK
12,12,25,OK
29,10,20,OK
9,13,22,OK
14,14,18,OK
6,13,15,OK
11,16,25,OK
11,10,20,OK
16,10,8,OK
6,16,17,OK
13,11,17,OK
4,17,21,OK
14,9,27,OK
8,15,23,OK
9,18,18,OK
9,18,24,OK
11,11,27,OK
11,12,13,OK
10,10,21,OK
7,17,22,OK
10,15,16,OK
13,12,20,OK
10,16,17,OK
5,17,30,OK
12,10,16,OK
9,6,11,OK
12,8,12,OK
6,4,14,OK
7,8,27,OK
1,7,17,OK
4,15,31,OK
6,15,26,OK
6,14,23,OK
11,26,22,OK
2,13,21,OK
8,12,25,OK
18,15,20,OK
27,10,18,OK
7,14,15,OK
6,13,29,OK
6,18,13,OK
4,7,14,OK
10,11,29,OK
13,14,16,OK
4,6,21,OK
14,8,18,OK
11,17,27,OK
12,11,17,OK
9,11,26,OK
10,9,18,OK
11,10,25,OK
3,9,33,OK
4,16,25,OK
9,10,15,OK
16,17,26,OK
8,18,22,OK
7,9,12,OK
14,11,8,OK
11,16,24,OK
6,15,19,OK
13,13,17,OK
9,21,12,OK
3,17,19,OK
5,15,32,OK
13,7,14,OK
13,17,14,OK
12,12,19,OK
10,17,20,OK
8,15,15,OK
22,17,33,OK
8,7,21,OK
19,5,19,OK
18,14,12,OK
5,10,24,OK
14,8,21,OK
10,9,23,OK
10,13,29,OK
11,10,23,OK
17,7,19,OK
12,11,19,OK
6,16,24,OK
1,10,12,OK
9,10,27,OK
2,24,20,OK
8,7,18,OK
7,13,12,OK
11,16,25,OK
9,11,30,OK
3,14,23,OK
9,15,22,OK
18,18,22,OK
11,16,19,OK
16,14,14,OK
14,8,23,OK
9,9,24,OK
8,16,17,OK
17,14,16,OK
13,15,23,OK
14,13,17,OK
7,15,22,OK
9,13,33,OK
3,12,18,OK
16,12,18,OK
15,12,21,OK
9,16,16,OK
11,13,31,OK
13,17,12,OK
19,9,14,OK
23,13,12,OK
19,2,30,OK
10,16,4,OK
10,11,10,OK
8,15,24,OK
11,11,16,OK
8,9,30,OK
9,14,18,OK
9,17,14,OK
12,14,21,OK
9,8,13,OK
5,8,23,OK
9,9,30,OK
6,12,23,OK
5,13,15,OK
4,15,32,OK
7,13,27,OK
8,13,19,OK
8,9,13,OK
2,17,22,OK
12,9,28,OK
4,16,24,OK
8,9,30,OK
21,17,11,OK
19,8,15,OK
9,11,20,OK
10,5,21,OK
5,24,28,OK
10,11,21,OK
6,22,22,OK
21,9,21,OK
7,9,13,OK
18,11,18,OK
21,19,20,OK
13,12,11,OK
4,14,27,OK
3,21,20,OK
12,15,24,OK
7,18,15,OK
20,19,36,OK
9,12,21,OK
9,19,14,OK
4,17,20,OK
10,18,20,OK
11,11,19,OK
7,14,13,OK
10,7,28,OK
7,10,12,OK
10,12,24,OK
8,12,21,OK
10,13,17,OK
8,12,18,OK
12,18,16,OK
12,16,18,OK
11,16,23,OK
8,13,26,OK
8,10,28,OK
14,13,25,OK
12,10,20,OK
15,11,22,OK
5,15,31,OK
11,12,16,OK
9,10,23,OK
5,24,22,OK
11,10,20,OK
4,17,19,OK
10,15,23,OK
11,11,21,OK
12,16,18,OK
3,9,32,OK
8,12,30,OK
14,16,27,OK
6,10,20,OK
18,12,8,OK
13,4,23,OK
6,15,29,OK
12,10,13,OK
8,16,20,OK
9,14,13,OK
4,17,16,OK
9,14,16,OK
8,12,20,OK
11,14,29,OK
11,6,26,OK
5,7,27,OK
14,20,28,OK
10,11,25,OK
10,11,17,OK
11,14,22,OK
13,9,20,OK
7,12,27,OK
3,10,30,OK
11,19,16,OK
8,2,25,OK
11,11,20,OK
9,10,25,OK
14,13,20,OK
17,15,20,OK
6,16,31,OK
13,16,13,OK
13,8,22,OK
5,13,26,OK
9,11,22,OK
3,7,19,OK
8,18,12,OK
18,12,20,OK
7,13,15,OK
1,20,19,OK
18,17,20,OK
9,12,23,OK
10,11,18,OK
12,12,9,OK
6,13,23,OK
9,16,13,OK
6,7,20,OK
8,17,24,OK
9,12,33,OK
5,12,29,OK
6,9,30,OK
15,13,9,OK
7,9,18,OK
12,16,34,OK
11,18,27,OK
9,5,24,OK
17,13,31,OK
6,22,26,OK
4,12,21,OK
8,11,13,OK
15,14,14,OK
14,19,31,OK
7,11,18,OK
8,13,19,OK
16,8,17,OK
9,19,19,OK
9,14,22,OK
16,13,27,OK
12,10,22,OK
7,15,22,OK
7,9,19,OK
11,8,17,OK
19,22,20,OK
22,24,32,OK
11,10,21,OK
6,8,25,OK
16,8,13,OK
12,24,18,OK
17,8,22,OK
8,6,22,OK
17,10,18,OK
12,16,31,OK
13,9,19,OK
11,19,20,OK
19,10,23,OK
9,17,14,OK
14,29,21,OK
9,12,29,OK
12,16,14,OK
11,3,29,OK
15,20,25,OK
9,13,27,OK
12,20,21,OK
18,7,20,OK
4,11,21,OK
10,15,17,OK
7,20,14,OK
16,15,27,OK
9,19,31,OK
4,14,28,OK
13,17,25,OK
13,17,23,OK
12,14,29,OK
16,14,16,OK
8,10,23,OK
12,14,12,OK
18,14,15,OK
8,18,8,OK
7,9,17,OK
7,10,20,OK
10,15,24,OK
11,12,17,OK
10,17,16,OK
12,12,19,OK
1,8,27,OK
15,8,9,OK
18,17,20,OK
13,14,28,OK
5,9,29,OK
13,12,22,OK
9,20,32,OK
10,12,28,OK
12,23,27,OK
4,9,21,OK
12,14,17,OK
9,12,18,OK
24,24,18,OK
4,18,18,OK
6,13,17,OK
12,14,22,OK
12,10,11,OK
4,11,21,OK
9,15,31,OK
21,10,12,OK
10,16,28,OK
20,21,34,OK
8,14,22,OK
13,10,30,OK
1,17,20,OK
31,6,18,OK
11,15,18,OK
10,10,22,OK
13,9,27,OK
13,16,13,OK
13,13,24,OK
13,16,30,OK
14,11,30,OK
0,1,0,OK
0,57,19,OK
7,7,18,OK
0,56,13,OK
2,7,11,OK
15,4,27,OK
0,9,9,OK
6,12,23,OK
15,11,13,OK
6,7,11,OK
8,8,10,OK
10,0,26,OK
11,12,17,OK
14,2,24,OK
9,0,28,OK
24,1,18,OK
10,2,7,OK
8,0,29,OK
16,10,10,OK
11,12,12,OK
23,14,24,OK
11,12,2,OK
9,14,13,OK
13,9,15,OK
8,9,17,OK
0,13,14,OK
17,13,17,OK
11,13,11,OK
23,9,15,OK
1,18,7,OK
3,10,16,OK
10,14,18,OK
7,11,21,OK
4,18,18,OK
4,11,7,OK
11,9,15,OK
1,21,7,OK
4,10,10,OK
8,10,10,OK
5,11,13,OK
14,19,10,OK
7,22,18,OK
10,17,20,OK
12,15,18,OK
21,14,24,OK
10,13,11,OK
22,1,30,OK
5,17,19,OK
1,8,13,OK
9,19,26,OK
6,13,23,OK
5,2,29,OK
3,5,21,OK
1,22,21,OK
8,9,20,OK
7,8,17,OK
7,12,22,OK
5,14,12,OK
3,7,17,OK
8,13,18,OK
7,8,17,OK
4,5,17,OK
4,10,25,OK
3,16,19,OK
10,13,14,OK
9,11,17,OK
5,15,14,OK
6,6,26,OK
0,15,15,OK
1,15,17,OK
7,20,20,OK
8,3,22,OK
3,12,23,OK
6,6,24,OK
7,19,32,OK
14,12,32,OK
6,10,20,OK
10,21,18,OK
14,11,18,OK
4,13,20,OK
3,17,9,OK
5,4,10,OK
3,10,17,OK
3,7,14,OK
5,9,18,OK
6,21,22,OK
8,8,27,OK
3,12,15,OK
12,12,17,OK
16,15,14,OK
5,10,21,OK
10,22,18,OK
1,10,24,OK
13,19,26,OK
9,10,35,OK
2,16,13,OK
0,4,16,OK
5,12,23,OK
15,14,26,OK
6,6,11,OK
3,16,15,OK
5,11,22,OK
9,15,29,OK
5,13,23,OK
5,18,26,OK
8,7,11,OK
11,20,21,OK
5,15,16,OK
3,20,21,OK
5,13,12,OK
4,27,21,OK
7,13,14,OK
2,9,22,OK
8,7,20,OK
3,12,21,OK
2,3,25,OK
1,16,26,OK
10,12,20,OK
2,8,17,OK
8,13,27,OK
7,15,13,OK
4,6,27,OK
4,9,8,OK
20,16,29,OK
6,16,26,OK
6,9,11,OK
6,10,10,OK
0,19,20,OK
1,11,20,OK
15,17,24,OK
7,12,20,OK
2,17,29,OK
2,11,21,OK
0,19,15,OK
7,15,17,OK
6,5,20,OK
3,11,22,OK
7,26,11,OK
6,5,19,OK
4,10,15,OK
7,18,15,OK
5,10,15,OK
15,19,12,OK
1,10,23,OK
8,9,22,OK
9,23,16,OK
3,10,17,OK
5,9,24,OK
12,17,22,OK
7,8,20,OK
25,23,31,OK
5,9,10,OK
6,5,23,OK
10,7,15,OK
5,11,15,OK
4,17,26,OK
9,16,20,OK
9,9,10,OK
10,5,9,OK
5,14,12,OK
2,7,16,OK
2,9,13,OK
4,8,9,OK
7,15,19,OK
9,16,19,OK
3,14,21,OK
4,7,18,OK
7,19,15,OK
0,10,19,OK
2,7,29,OK
6,18,16,OK
8,6,21,OK
9,3,16,OK
20,2,25,OK
15,11,12,OK
7,12,14,OK
8,12,23,OK
0,16,36,OK
14,7,15,OK
10,4,17,OK
16,9,20,OK
3,10,28,OK
3,12,28,OK
7,8,10,OK
5,14,24,OK
8,14,18,OK
8,9,20,OK
10,15,18,OK
12,11,19,OK
2,14,13,OK
6,12,17,OK
13,15,21,OK
3,10,20,OK
6,11,12,OK
0,13,19,OK
10,19,25,OK
6,17,8,OK
6,8,12,OK
3,16,15,OK
8,15,14,OK
7,11,19,OK
9,13,20,OK
13,7,17,OK
4,14,21,OK
8,10,20,OK
12,16,28,OK
9,17,21,OK
3,8,14,OK
8,18,19,OK
5,12,13,OK
8,12,18,OK
3,11,17,OK
7,15,16,OK
9,8,19,OK
10,17,17,OK
11,15,25,OK
10,9,20,OK
5,10,13,OK
3,8,17,OK
20,17,25,OK
14,17,13,OK
7,13,19,OK
17,21,14,OK
14,20,29,OK
5,19,21,OK
11,19,17,OK
3,20,9,OK
12,16,25,OK
7,14,20,OK
12,14,10,OK
7,8,14,OK
11,7,15,OK
6,9,12,OK
3,26,22,OK
3,13,20,OK
13,7,21,OK
9,9,20,OK
4,13,14,OK
6,15,24,OK
3,16,13,OK
7,16,22,OK
4,19,11,OK
5,11,20,OK
19,13,10,OK
8,14,22,OK
0,15,19,OK
5,8,17,OK
0,1,15,OK
6,7,21,OK
11,8,18,OK
6,18,15,OK
6,14,13,OK
4,10,18,OK
3,14,17,OK
20,14,12,OK
8,17,10,OK
5,10,18,OK
4,15,18,OK
1,4,13,OK
4,9,24,OK
2,11,8,OK
15,22,12,OK
14,14,12,OK
1,11,14,OK
0,0,8,OK
1,17,13,OK
18,16,7,OK
14,14,18,OK
11,17,28,OK
3,6,26,OK
29,24,23,OK
11,12,19,OK
13,17,20,OK
11,18,21,OK
12,14,13,OK
10,13,23,OK
6,13,17,OK
10,15,19,OK
11,20,27,OK
8,22,25,OK
11,16,15,OK
12,17,23,OK
11,20,17,OK
12,16,12,OK
12,14,9,OK
11,11,17,OK
13,17,19,OK
9,18,12,OK
9,15,24,OK
2,17,18,OK
6,18,13,OK
7,11,18,OK
8,15,18,OK
12,15,18,OK
2,9,15,OK
17,12,10,OK
9,12,14,OK
13,21,15,OK
11,22,12,OK
14,15,23,OK
14,13,18,OK
17,15,8,OK
4,14,22,OK
13,17,27,OK
13,24,18,OK
10,21,18,OK
4,22,24,OK
10,21,10,OK
10,24,23,OK
5,12,14,OK
10,13,15,OK
12,11,12,OK
21,15,23,OK
16,17,9,OK
7,11,12,OK
7,7,20,OK
9,10,9,OK
11,12,26,OK
9,17,21,OK
10,8,17,OK
6,12,16,OK
10,13,16,OK
20,13,21,OK
10,25,17,OK
17,11,20,OK
13,19,7,OK
15,18,11,OK
15,16,15,OK
4,17,27,OK
6,11,22,OK
8,14,24,OK
6,9,18,OK
14,12,16,OK
23,9,16,OK
9,16,6,OK
4,14,10,OK
16,12,14,OK
9,14,10,OK
11,18,14,OK
5,22,19,OK
6,16,9,OK
12,20,29,OK
10,16,9,OK
11,15,27,OK
12,18,11,OK
13,15,16,OK
6,17,28,OK
7,10,19,OK
4,11,21,OK
13,18,15,OK
24,27,18,OK
5,13,23,OK
9,12,20,OK
2,19,15,OK
11,23,30,OK
16,26,21,OK
16,31,28,OK
7,14,12,OK
7,24,16,OK
9,13,23,OK
6,18,14,OK
24,27,28,OK
17,24,23,OK
16,22,27,OK
4,15,12,OK
3,7,25,OK
4,15,13,OK
3,13,15,OK
10,11,25,OK
2,6,17,OK
7,10,19,OK
9,9,17,OK
6,14,12,OK
6,14,16,OK
2,7,24,OK
3,9,15,OK
3,5,28,OK
0,14,23,OK
6,15,19,OK
29,0,20,OK
2,11,23,OK
33,12,19,OK
34,30,33,OK
6,10,17,OK
11,19,15,OK
13,25,17,OK
6,4,7,OK
2,13,25,OK
5,8,18,OK
1,14,22,OK
1,8,20,OK
6,23,29,OK
2,5,25,OK
5,11,18,OK
1,16,17,OK
5,9,24,OK
1,11,15,OK
4,7,22,OK
9,13,13,OK
4,9,12,OK
3,17,16,OK
5,7,10,OK
4,9,18,OK
9,9,20,OK
1,16,19,OK
0,11,6,OK
12,16,18,OK
9,6,19,OK
2,8,3,OK
1,1,8,OK
16,58,18,OK
7,12,22,OK
9,8,31,OK
11,12,9,OK
3,23,19,OK
1,10,9,OK
19,25,30,OK
15,22,20,OK
17,21,30,OK
20,13,17,OK
5,19,10,OK
11,11,15,OK
5,18,19,OK
3,11,18,OK
8,13,15,OK
8,0,2,OK
2,12,10,OK
28,13,32,OK
28,19,23,OK
5,18,18,OK
7,12,16,OK
7,15,7,OK
2,12,20,OK
16,18,33,OK
33,22,25,OK
25,30,17,OK
3,7,10,OK
5,17,4,OK
3,12,21,OK
6,7,16,OK
13,11,16,OK
6,13,14,OK
3,17,18,OK
10,10,16,OK
11,14,20,OK
6,11,13,OK
16,19,26,OK
10,19,26,OK
19,17,18,OK
9,10,15,OK
18,14,28,OK
17,24,19,OK
10,10,17,OK
6,12,15,OK
3,11,12,OK
7,10,9,OK
7,15,11,OK
11,19,24,OK
7,14,18,OK
4,6,9,OK
7,14,15,OK
6,12,12,OK
11,19,23,OK
15,2,16,OK
1,6,17,OK
0,10,16,OK
0,11,20,OK
14,13,18,OK
13,10,16,OK
9,9,15,OK
24,6,16,OK
2,6,19,OK
10,6,12,OK
11,9,16,OK
10,13,27,OK
5,8,22,OK
0,0,27,OK
4,18,21,OK
7,9,15,OK
4,12,19,OK
6,14,7,OK
11,10,11,OK
10,11,18,OK
9,25,23,OK
4,15,23,OK
8,16,21,OK
9,17,21,OK
3,9,17,OK
8,7,18,OK
14,9,18,OK
8,7,15,OK
6,14,13,OK
7,5,17,OK
8,25,22,OK
13,26,12,OK
12,12,11,OK
4,8,10,OK
13,11,19,OK
11,8,11,OK
2,9,15,OK
3,12,31,OK
3,9,15,OK
3,15,17,OK
20,20,17,OK
8,1,23,OK
6,3,22,OK
12,8,17,OK
6,2,23,OK
0,1,15,OK
15,16,28,OK
15,7,13,OK
0,0,11,OK
4,6,18,OK
16,14,12,OK
16,2,25,OK
18,2,26,OK
7,2,13,OK
6,7,11,OK
34,32,33,OK
33,20,30,OK
20,21,28,OK
47,30,34,OK
20,22,26,OK
36,28,29,OK
36,33,40,OK
11,9,22,OK
38,9,46,OK
13,14,19,OK
10,9,21,OK
15,18,24,OK
10,10,9,OK
21,11,9,OK
11,12,16,OK
25,9,19,OK
9,13,16,OK
13,18,24,OK
13,7,27,OK
31,35,28,OK
12,12,24,OK
15,8,32,OK
15,14,21,OK
24,24,31,OK
29,20,35,OK
3,8,10,OK
4,11,16,OK
7,15,7,OK
43,28,47,OK
14,9,15,OK
7,6,18,OK
7,3,21,OK
16,8,26,OK
30,24,25,OK
17,26,22,OK
5,6,22,OK
10,9,15,OK
5,10,21,OK
23,14,30,OK
8,2,17,OK
40,20,46,OK
18,6,21,OK
16,19,22,OK
13,18,11,OK
9,15,13,OK
49,39,45,OK
29,26,25,OK
9,8,18,OK
5,4,13,OK
50,42,49,OK
17,22,24,OK
15,17,26,OK
16,21,30,OK
20,20,32,OK
5,4,20,OK
25,23,23,OK
40,25,23,OK
4,1,0,OK
15,30,29,OK
18,8,13,OK
44,32,36,OK
19,15,22,OK
40,21,45,OK
18,16,29,OK
32,5,28,OK
7,17,21,OK
28,4,28,OK
35,18,27,OK
30,31,37,OK
11,16,23,OK
13,12,26,OK
13,5,18,OK
17,5,18,OK
30,20,26,OK
52,33,43,OK
18,18,26,OK
15,17,24,OK
21,14,18,OK
15,9,11,OK
0,2,27,OK
36,7,39,OK
11,11,26,OK
16,21,22,OK
11,27,25,OK
14,13,23,OK
10,2,12,OK
24,16,20,OK
12,4,17,OK
33,27,32,OK
28,18,26,OK
34,29,40,OK
10,16,25,OK
15,11,17,OK
14,23,18,OK
6,11,22,OK
9,11,20,OK
10,7,11,OK
19,24,28,OK
0,1,25,OK
1,13,8,OK
8,10,14,OK
15,3,9,OK
3,13,6,OK
10,18,18,OK
15,13,28,OK
12,17,30,OK
7,21,26,OK
11,10,22,OK
4,20,26,OK
5,22,22,OK
12,17,30,OK
3,18,21,OK
14,21,19,OK
15,16,24,OK
24,15,30,OK
14,20,24,OK
13,15,26,OK
10,10,25,OK
1,11,26,OK
13,21,16,OK
12,13,10,OK
28,17,28,OK
14,16,19,OK
6,20,20,OK
15,18,28,OK
6,18,13,OK
16,18,29,OK
4,14,15,OK
3,11,15,OK
28,1,26,OK
5,17,23,OK
11,17,28,OK
7,21,22,OK
18,24,23,OK
3,19,19,OK
14,20,31,OK
23,19,27,OK
4,20,20,OK
12,18,22,OK
10,15,29,OK
3,10,11,OK
19,18,21,OK
6,19,23,OK
12,16,13,OK
24,22,22,OK
16,22,20,OK
15,15,24,OK
9,15,23,OK
6,15,25,OK
33,25,25,OK
5,9,23,OK
9,12,27,OK
16,20,28,OK
1,19,23,OK
6,19,23,OK
2,11,19,OK
6,12,18,OK
9,11,21,OK
11,19,22,OK
3,16,28,OK
16,26,25,OK
18,16,28,OK
11,17,14,OK
7,18,33,OK
14,11,23,OK
0,16,18,OK
12,16,19,OK
14,13,24,OK
17,23,21,OK
26,17,22,OK
18,19,11,OK
6,14,17,OK
7,10,15,OK
11,17,21,OK
4,14,20,OK
12,13,23,OK
16,12,30,OK
7,17,22,OK
4,13,16,OK
17,17,30,OK
10,19,17,OK
9,12,28,OK
10,21,19,OK
5,24,21,OK
0,7,26,OK
19,19,25,OK
4,13,24,OK
10,17,18,OK
10,16,19,OK
13,25,22,OK
6,18,12,OK
18,26,18,OK
7,19,19,OK
13,12,20,OK
10,17,19,OK
8,22,31,OK
13,22,9,OK
1,14,27,OK
15,19,27,OK
14,13,23,OK
4,8,15,OK
9,11,14,OK
6,17,23,OK
3,8,22,OK
15,16,21,OK
7,12,24,OK
10,14,20,OK
12,17,14,OK
34,18,24,OK
3,16,23,OK
9,14,13,OK
7,13,21,OK
29,20,33,OK
9,10,16,OK
6,8,10,OK
7,13,19,OK
15,15,24,OK
22,13,23,OK
9,20,21,OK
24,22,35,OK
5,1,12,OK
4,22,19,OK
10,9,16,OK
15,30,29,OK
25,22,34,OK
14,3,29,OK
4,21,31,OK
31,26,31,OK
7,13,17,OK
5,7,18,OK
9,5,16,OK
6,10,10,OK
3,6,24,OK
2,15,23,OK
6,7,18,OK
5,11,17,OK
1,14,11,OK
7,20,14,OK
9,13,15,OK
11,10,16,OK
10,13,20,OK
1,8,19,OK
3,9,12,OK
17,11,15,OK
6,7,12,OK
1,5,19,OK
6,12,13,OK
6,4,19,OK
13,11,8,OK
5,10,10,OK
2,10,12,OK
7,8,12,OK
10,7,13,OK
9,9,15,OK
21,11,16,OK
3,10,12,OK
8,8,17,OK
7,9,15,OK
4,7,13,OK
8,9,13,OK
7,5,17,OK
7,7,8,OK
5,11,12,OK
1,10,19,OK
3,7,16,OK
8,12,14,OK
17,17,20,OK
14,15,16,OK
5,17,13,OK
3,6,6,OK
10,12,18,OK
4,13,7,OK
10,12,13,OK
6,10,14,OK
1,9,7,OK
8,7,7,OK
8,6,18,OK
3,10,9,OK
4,16,17,OK
8,9,12,OK
6,7,15,OK
4,13,14,OK
1,15,12,OK
8,19,11,OK
1,3,14,OK
2,12,11,OK
7,11,2,OK
6,6,11,OK
4,7,19,OK
15,20,18,OK
12,15,25,OK
9,8,15,OK
8,20,17,OK
6,7,10,OK
6,11,5,OK
7,14,8,OK
9,16,22,OK
8,13,8,OK
2,18,11,OK
9,17,7,OK
11,8,16,OK
9,6,21,OK
17,9,26,OK
5,5,17,OK
7,8,19,OK
7,12,18,OK
3,21,20,OK
10,14,18,OK
7,19,14,OK
12,5,15,OK
10,14,19,OK
7,6,13,OK
5,8,12,OK
8,6,11,OK
4,9,14,OK
15,8,10,OK
11,15,19,OK
7,18,8,OK
5,6,14,OK
7,16,19,OK
10,8,18,OK
11,9,8,OK
5,9,21,OK
10,11,2,OK
10,9,15,OK
5,11,21,OK
5,9,15,OK
7,10,11,OK
13,9,21,OK
4,7,11,OK
10,11,22,OK
10,12,10,OK
5,10,19,OK
9,10,22,OK
9,5,10,OK
10,12,11,OK
9,8,15,OK
8,14,10,OK
2,11,17,OK
19,16,8,OK
5,7,18,OK
10,19,16,OK
7,16,16,OK
7,4,13,OK
12,8,11,OK
9,11,13,OK
15,14,9,OK
12,15,16,OK
7,12,20,OK
14,14,17,OK
16,19,21,OK
8,8,9,OK
10,6,21,OK
9,9,8,OK
8,17,13,OK
2,15,11,OK
17,12,20,OK
6,9,16,OK
10,13,15,OK
11,10,20,OK
17,9,18,OK
10,20,32,OK
3,8,16,OK
4,6,13,OK
11,6,13,OK
9,7,22,OK
6,8,19,OK
0,9,10,OK
7,7,18,OK
13,11,13,OK
14,12,25,OK
6,16,22,OK
11,17,22,OK
11,18,16,OK
10,9,20,OK
9,12,15,OK
6,16,9,OK
9,11,14,OK
8,17,16,OK
14,14,14,OK
10,8,18,OK
9,14,23,OK
6,8,19,OK
9,7,14,OK
12,8,3,OK
6,10,13,OK
11,16,20,OK
8,7,23,OK
21,15,20,OK
13,20,23,OK
7,11,16,OK
10,20,18,OK
10,8,5,OK
9,15,23,OK
11,17,13,OK
2,15,15,OK
8,20,25,OK
7,12,24,OK
6,6,18,OK
6,6,6,OK
6,2,6,OK
11,9,3,OK
4,9,13,OK
14,17,19,OK
4,12,12,OK
3,11,15,OK
14,11,10,OK
9,15,20,OK
2,11,14,OK
10,10,17,OK
11,10,22,OK
7,9,8,OK
5,6,16,OK
12,8,16,OK
3,10,12,OK
1,5,11,OK
6,8,10,OK
7,6,12,OK
7,11,16,OK
10,22,25,OK
5,9,11,OK
5,7,10,OK
11,7,16,OK
4,11,12,OK
11,13,18,OK
5,6,16,OK
8,11,5,OK
11,13,20,OK
4,9,19,OK
1,8,22,OK
13,16,20,OK
38,28,21,OK
4,3,25,OK
21,22,21,OK
5,23,35,OK
3,12,25,OK
1,2,31,OK
6,0,22,OK
5,20,22,OK
4,15,18,OK
9,1,21,OK
4,17,19,OK
17,15,24,OK
12,18,16,OK
10,14,18,OK
3,10,18,OK
0,26,14,OK
11,25,22,OK
4,11,11,OK
15,20,24,OK
16,29,16,OK
0,25,12,OK
13,23,24,OK
7,29,17,OK
1,29,19,OK
7,26,20,OK
5,24,19,OK
6,16,12,OK
15,14,20,OK
7,22,14,OK
1,12,18,OK
5,2,20,OK
7,25,32,OK
39,20,21,OK
3,11,17,OK
8,16,17,OK
6,20,24,OK
0,1,11,OK
0,2,32,OK
0,8,13,OK
1,1,33,OK
3,5,18,OK
14,1,27,OK
0,0,28,OK
9,2,20,OK
5,9,12,OK
4,2,10,OK
7,2,12,OK
9,4,18,OK
3,0,9,OK
5,5,19,OK
4,10,14,OK
7,6,8,OK
7,4,18,OK
5,6,13,OK
5,11,12,OK
7,18,22,OK
6,3,13,OK
6,18,23,OK
7,8,19,OK
4,6,20,OK
12,14,19,OK
15,16,22,OK
8,9,12,OK
9,4,15,OK
2,4,20,OK
10,14,26,OK
9,4,11,OK
5,0,20,OK
3,3,24,OK
4,8,23,OK
3,3,22,OK
9,12,30,OK
11,28,24,OK
12,19,22,OK
6,6,8,OK
4,15,21,OK
8,14,19,OK
5,13,16,OK
5,11,15,OK
13,24,25,OK
15,18,24,OK
17,23,20,OK
14,12,28,OK
9,16,15,OK
12,19,23,OK
19,5,25,OK
5,12,14,OK
2,12,22,OK
24,27,26,OK
7,15,23,OK
1,2,33,OK
14,3,29,OK
8,15,22,OK
11,26,28,OK
10,11,21,OK
9,21,27,OK
4,20,26,OK
7,5,23,OK
4,10,24,OK
1,11,29,OK
7,17,27,OK
13,14,26,OK
3,12,26,OK
9,18,22,OK
12,19,19,OK
13,26,30,OK
3,6,17,OK
12,26,17,OK
5,17,23,OK
4,14,27,OK
6,9,20,OK
9,17,27,OK
6,15,24,OK
1,12,17,OK
16,12,29,OK
10,15,22,OK
6,18,19,OK
7,11,24,OK
3,10,25,OK
8,12,19,OK
17,26,25,OK
17,16,29,OK
4,9,23,OK
3,25,24,OK
17,21,25,OK
10,18,20,OK
9,23,23,OK
1,9,15,OK
13,23,22,OK
14,7,24,OK
18,19,24,OK
6,17,21,OK
17,20,29,OK
16,21,32,OK
7,16,20,OK
14,1,18,OK
5,19,14,OK
9,12,25,OK
7,5,20,OK
16,26,18,OK
5,5,20,OK
5,13,24,OK
9,20,24,OK
5,7,31,OK
5,25,22,OK
13,7,26,OK
7,16,28,OK
20,30,26,OK
21,19,17,OK
3,6,24,OK
3,12,20,OK
5,18,23,OK
10,15,27,OK
4,16,21,OK
2,25,22,OK
11,18,25,OK
18,25,30,OK
12,10,24,OK
7,13,22,OK
5,14,21,OK
6,19,19,OK
4,13,22,OK
3,10,24,OK
37,31,28,OK
33,18,28,OK
8,2,21,OK
5,11,25,OK
6,10,24,OK
4,13,28,OK
5,17,22,OK
6,16,25,OK
8,22,28,OK
8,16,21,OK
11,17,13,OK
17,18,22,OK
9,15,7,OK
40,3,26,OK
3,29,26,OK
0,5,25,OK
6,11,29,OK
0,5,21,OK
0,6,18,OK
6,8,26,OK
13,19,35,OK
24,3,20,OK
17,20,25,OK
18,24,32,OK
9,20,20,OK
1,11,23,OK
11,22,16,OK
4,31,20,OK
4,20,21,OK
1,8,30,OK
0,22,27,OK
4,3,21,OK
28,1,24,OK
38,1,33,OK
0,17,27,OK
13,7,8,OK
6,12,25,OK
1,21,38,OK
2,9,19,OK
2,12,21,OK
1,5,14,OK
4,2,13,OK
2,5,19,OK
0,1,22,OK
3,14,17,OK
4,16,21,OK
4,9,26,OK
16,23,19,OK
31,0,24,OK
4,21,27,OK
2,22,11,OK
0,0,17,OK
28,15,18,OK
1,4,23,OK
4,15,27,OK
5,13,28,OK
4,18,29,OK
26,25,19,OK
22,28,18,OK
3,11,26,OK
35,16,27,OK
3,9,26,OK
8,28,24,OK
8,19,25,OK
5,11,27,OK
34,0,22,OK
12,9,20,OK
20,3,21,OK
28,0,23,OK
28,0,11,OK
43,0,15,OK
30,0,15,OK
6,17,24,OK
0,21,12,OK
4,14,10,OK
5,21,20,OK
6,15,10,OK
4,6,22,OK
3,21,25,OK
3,7,17,OK
5,7,20,OK
3,20,21,OK
2,19,19,OK
2,19,20,OK
5,23,16,OK
5,18,10,OK
3,22,20,OK
3,19,24,OK
0,5,23,OK
3,21,20,OK
4,7,15,OK
2,22,22,OK
3,4,24,OK
2,4,20,OK
2,7,20,OK
5,21,31,OK
0,13,13,OK
0,21,14,OK
4,22,25,OK
0,2,17,OK
19,16,19,OK
8,9,19,OK
10,17,21,OK
7,5,10,OK
6,5,14,OK
2,0,21,OK
1,4,19,OK
9,13,19,OK
5,13,13,OK
9,18,15,OK
6,12,18,OK
6,9,21,OK
8,11,20,OK
6,3,12,OK
2,21,29,OK
2,5,13,OK
5,6,20,OK
5,3,18,OK
7,8,4,OK
3,9,19,OK
3,8,19,OK
8,7,9,OK
14,12,24,OK
2,14,34,OK
2,8,19,OK
6,12,14,OK
10,12,19,OK
4,10,23,OK
7,5,16,OK
6,3,17,OK
0,0,21,OK
2,3,17,OK
6,3,13,OK
11,37,28,OK
0,8,26,OK
3,11,21,OK
7,8,14,OK
2,6,20,OK
7,27,18,OK
1,5,12,OK
18,11,16,OK
16,1,15,OK
1,0,6,OK
0,0,11,OK
11,17,8,OK
0,1,17,OK
16,1,17,OK
5,5,13,OK
0,4,13,OK
8,1,6,OK
9,10,18,OK
8,9,19,OK
13,5,12,OK
0,3,16,OK
7,0,8,OK
8,2,8,OK
4,5,10,OK
8,5,3,OK
3,11,16,OK
0,4,5,OK
3,9,3,OK
6,9,12,OK
3,5,3,OK
0,4,17,OK
4,10,14,OK
2,4,5,OK
11,16,20,OK
6,8,19,OK
13,11,19,OK
6,6,14,OK
8,2,8,OK
12,10,26,OK
1,7,14,OK
9,9,9,OK
9,18,16,OK
8,0,12,OK
2,1,16,OK
9,4,8,OK
4,7,14,OK
11,12,14,OK
4,24,13,OK
4,20,23,OK
1,5,21,OK
7,7,16,OK
5,6,17,OK
2,9,13,OK
5,13,12,OK
5,8,19,OK
7,10,24,OK
9,11,21,OK
5,12,15,OK
4,10,22,OK
8,12,21,OK
5,10,13,OK
10,11,12,OK
7,11,15,OK
9,22,19,OK
3,10,16,OK
0,1,18,OK
0,3,8,OK
7,3,16,OK
0,0,23,OK
4,12,10,OK
3,14,14,OK
5,8,13,OK
11,17,15,OK
8,19,7,OK
2,14,18,OK
3,10,19,OK
1,8,26,OK
0,19,29,OK
2,8,19,OK
5,6,25,OK
3,4,15,OK
2,19,30,OK
1,1,19,OK
0,1,18,OK
1,7,14,OK
3,6,14,OK
2,5,20,OK
7,4,20,OK
1,4,1,OK
5,18,25,OK
3,5,15,OK
4,6,21,OK
4,2,15,OK
1,8,25,OK
0,14,26,OK
5,16,19,OK
5,19,16,OK
3,10,17,OK
0,16,22,OK
0,8,17,OK
2,17,40,OK
1,15,32,OK
0,18,29,OK
1,12,38,OK
2,13,27,OK
1,5,30,OK
0,6,37,OK
0,16,35,OK
1,9,9,OK
4,11,18,OK
5,14,29,OK
1,12,34,OK
0,20,29,OK
1,14,24,OK
1,4,27,OK
1,12,27,OK
3,23,36,OK
3,10,26,OK
2,19,27,OK
0,19,28,OK
4,14,30,OK
5,16,27,OK
6,4,17,OK
4,5,15,OK
5,10,27,OK
5,19,12,OK
2,15,12,OK
1,12,26,OK
0,14,27,OK
0,16,23,OK
7,24,14,OK
4,3,33,OK
3,17,11,OK
6,19,31,OK
4,12,16,OK
21,21,31,OK
18,15,24,OK
26,34,32,OK
17,21,16,OK
18,23,9,OK
13,35,20,OK
20,23,19,OK
21,29,22,OK
28,30,17,OK
20,22,21,OK
23,22,34,OK
10,30,13,OK
18,27,17,OK
26,27,23,OK
15,32,18,OK
15,26,19,OK
22,30,21,OK
25,33,36,OK
42,35,45,OK
18,29,22,OK
17,35,15,OK
13,20,17,OK
23,34,21,OK
20,30,25,OK
14,18,30,OK
8,16,18,OK
10,17,17,OK
15,22,27,OK
18,24,29,OK
20,14,26,OK
18,23,35,OK
15,16,33,OK
11,15,15,OK
0,8,27,OK
0,3,21,OK
30,0,18,OK
29,0,19,OK
3,15,26,OK
0,2,19,OK
31,0,27,OK
0,6,28,OK
5,27,18,OK
1,3,20,OK
6,8,21,OK
3,24,28,OK
0,16,12,OK
2,7,14,OK
0,0,35,OK
2,8,20,OK
3,7,24,OK
1,6,13,OK
3,11,16,OK
0,3,16,OK
0,6,14,OK
9,13,16,OK
14,14,18,OK
1,13,29,OK
3,6,27,OK
0,5,23,OK
0,8,22,OK
1,9,20,OK
2,5,19,OK
3,10,13,OK
4,5,20,OK
4,5,19,OK
4,9,12,OK
3,4,24,OK
2,3,17,OK
1,1,13,OK
6,16,15,OK
1,3,24,OK
3,8,16,OK
6,25,31,OK
2,15,12,OK
19,17,19,OK
26,26,30,OK
7,9,25,OK
27,27,34,OK
1,17,18,OK
1,4,20,OK
3,4,13,OK
3,4,15,OK
5,12,22,OK
8,7,16,OK
3,9,17,OK
6,13,21,OK
2,3,19,OK
2,6,18,OK
5,11,15,OK
1,16,19,OK
2,7,17,OK
5,4,26,OK
4,14,24,OK
2,1,23,OK
4,11,16,OK
3,10,22,OK
1,18,28,OK
4,10,25,OK
2,9,25,OK
2,6,16,OK
1,5,29,OK
11,17,20,OK
8,17,17,OK
3,12,21,OK
1,17,27,OK
2,7,19,OK
0,22,27,OK
2,6,22,OK
5,7,29,OK
1,24,20,OK
5,25,24,OK
1,16,15,OK
3,21,24,OK
5,13,24,OK
9,22,24,OK
5,10,15,OK
2,7,26,OK
5,16,25,OK
6,23,27,OK
13,14,19,OK
11,15,23,OK
5,10,18,OK
3,10,30,OK
8,2,14,OK
12,15,24,OK
31,1,30,OK
26,0,22,OK
34,0,18,OK
28,0,25,OK
31,0,16,OK
28,1,34,OK
33,0,16,OK
5,18,21,OK
32,0,18,OK
30,0,25,OK
34,0,21,OK
30,1,18,OK
4,0,25,OK
35,0,19,OK
27,2,29,OK
27,1,34,OK
34,0,9,OK
37,0,26,OK
1,2,13,OK
30,0,28,OK
32,1,18,OK
30,0,4,OK
35,0,3,OK
32,0,15,OK
26,7,31,OK
27,1,20,OK
29,0,23,OK
27,0,13,OK
28,0,23,OK
32,0,16,OK
35,1,9,OK
24,1,16,OK
19,2,32,OK
27,1,12,OK
30,0,25,OK
17,8,16,OK
34,1,29,OK
30,0,24,OK
35,1,43,OK
35,1,31,OK
36,1,35,OK
33,0,25,OK
25,0,22,OK
29,0,27,OK
31,0,22,OK
29,0,24,OK
33,0,22,OK
26,0,24,OK
2,25,26,OK
6,13,24,OK
9,14,15,OK
2,14,18,OK
1,7,20,OK
10,11,8,OK
0,12,21,OK
12,11,19,OK
5,20,24,OK
1,11,21,OK
3,7,20,OK
26,14,30,OK
7,1,16,OK
2,0,30,OK
25,10,23,OK
0,10,16,OK
3,7,19,OK
0,9,14,OK
5,11,25,OK
3,8,14,OK
3,8,23,OK
5,1,23,OK
8,0,18,OK
3,9,19,OK
1,4,18,OK
3,3,16,OK
0,4,9,OK
16,6,24,OK
2,9,13,OK
0,12,15,OK
0,6,19,OK
6,10,11,OK
6,13,7,OK
2,9,8,OK
0,5,8,OK
0,6,7,OK
12,3,12,OK
0,4,6,OK
4,6,9,OK
2,12,11,OK
10,17,14,OK
2,5,16,OK
2,5,14,OK
7,9,13,OK
3,11,16,OK
1,8,13,OK
16,15,22,OK
0,0,8,OK
3,10,17,OK
1,7,11,OK
1,8,12,OK
0,7,17,OK
4,18,17,OK
0,6,7,OK
4,1,8,OK
0,5,8,OK
5,17,25,OK
25,28,23,OK
14,23,11,OK
10,10,16,OK
6,6,18,OK
14,19,23,OK
24,29,18,OK
14,28,29,OK
19,33,21,OK
20,32,28,OK
9,34,22,OK
2,15,21,OK
2,10,17,OK
4,18,12,OK
4,9,26,OK
3,12,7,OK
4,15,9,OK
1,10,22,OK
0,13,23,OK
2,20,27,OK
1,11,20,OK
1,15,22,OK
4,12,10,OK
1,11,8,OK
1,11,27,OK
15,2,26,OK
19,16,16,OK
30,28,38,OK
3,12,9,OK
3,10,16,OK
4,13,15,OK
2,6,8,OK
3,9,6,OK
10,7,21,OK
8,20,19,OK
0,7,14,OK
0,15,15,OK
3,13,17,OK
2,7,14,OK
0,21,18,OK
0,8,14,OK
1,6,17,OK
4,8,17,OK
2,7,9,OK
6,22,15,OK
21,27,24,OK
22,38,25,OK
14,37,21,OK
11,35,18,OK
21,36,40,OK
7,23,31,OK
26,31,36,OK
12,26,29,OK
4,7,2,OK
3,9,19,OK
6,29,24,OK
23,21,16,OK
4,12,17,OK
3,18,17,OK
11,14,24,OK
20,34,21,OK
6,15,19,OK
7,6,14,OK
16,33,21,OK
3,5,14,OK
0,11,25,OK
4,18,27,OK
3,13,23,OK
1,19,23,OK
1,4,28,OK
3,15,22,OK
2,9,23,OK
0,5,22,OK
5,15,23,OK
7,12,14,OK
0,2,24,OK
